Race,Round,attacker,defender,attacking_team,defending_team,start_lap,end_lap,laps_in_contact,mean_advantage,min_gap,passed,reason,censored_strict,censored_loose
Australian Grand Prix,1,ALB,ALO,Williams,Aston Martin,4,4,1,2.1154999999999973,0.76400000000001,False,dropped_back,False,True
Australian Grand Prix,1,ALB,SAI,Williams,Williams,27,29,3,0.26599999999999113,0.6900000000000546,True,pass,False,False
Australian Grand Prix,1,ANT,LIN,Mercedes,Racing Bulls,4,5,2,1.8455000000000013,0.10099999999999909,True,pass,False,False
Australian Grand Prix,1,ANT,NOR,Mercedes,McLaren,3,3,1,0.5170000000000101,0.29300000000000637,True,pass,False,False
Australian Grand Prix,1,BEA,GAS,Haas F1 Team,Alpine,7,8,2,0.5750000000000028,0.8070000000000164,False,pit,True,True
Australian Grand Prix,1,BEA,LIN,Haas F1 Team,Racing Bulls,22,32,11,0.23550000000000182,0.40500000000065484,False,neutralised,True,True
Australian Grand Prix,1,BEA,LIN,Haas F1 Team,Racing Bulls,35,38,4,0.23550000000000182,0.8360000000002401,False,dropped_back,False,True
Australian Grand Prix,1,BEA,LIN,Haas F1 Team,Racing Bulls,40,40,1,0.23550000000000182,0.18800000000010186,True,pass,False,False
Australian Grand Prix,1,BOR,ALO,Audi,Aston Martin,3,3,1,2.755499999999998,0.4240000000000066,True,pass,False,False
Australian Grand Prix,1,BOR,GAS,Audi,Alpine,4,6,3,0.5079999999999956,0.40999999999996817,False,dropped_back,False,True
Australian Grand Prix,1,BOR,GAS,Audi,Alpine,40,40,1,0.5079999999999956,0.15599999999994907,True,pass,False,False
Australian Grand Prix,1,BOR,LIN,Audi,Racing Bulls,55,57,3,0.16849999999999454,0.3459999999986394,False,race_end,True,True
Australian Grand Prix,1,BOR,OCO,Audi,Haas F1 Team,39,39,1,0.5549999999999926,0.026000000000294676,True,pass,False,False
Australian Grand Prix,1,LAW,ALB,Racing Bulls,Williams,51,57,7,0.16100000000000136,0.41299999999955617,False,race_end,True,True
Australian Grand Prix,1,LAW,ALO,Racing Bulls,Aston Martin,7,7,1,2.2764999999999986,0.4310000000001537,True,pass,False,False
Australian Grand Prix,1,LAW,COL,Racing Bulls,Alpine,3,6,4,0.45999999999999375,0.3590000000000373,False,pit,True,True
Australian Grand Prix,1,NOR,BEA,McLaren,Haas F1 Team,38,38,1,1.0929999999999893,0.39199999999937063,True,pass,False,False
Australian Grand Prix,1,NOR,LIN,McLaren,Racing Bulls,3,3,1,1.3284999999999911,0.5029999999999859,False,dropped_back,False,True
Australian Grand Prix,1,NOR,LIN,McLaren,Racing Bulls,6,8,3,1.3284999999999911,0.4199999999998454,False,pit,True,True
Australian Grand Prix,1,NOR,LIN,McLaren,Racing Bulls,39,39,1,1.3284999999999911,0.1089999999999236,True,pass,False,False
Australian Grand Prix,1,SAI,ALO,Williams,Aston Martin,6,6,1,1.8495000000000061,0.452000000000055,True,pass,False,False
Australian Grand Prix,1,VER,ALB,Red Bull Racing,Williams,4,4,1,1.7994999999999948,0.5889999999999986,True,pass,False,False
Australian Grand Prix,1,VER,ALO,Red Bull Racing,Aston Martin,5,5,1,3.914999999999992,0.5,True,pass,False,False
Australian Grand Prix,1,VER,BEA,Red Bull Racing,Haas F1 Team,6,8,3,1.092499999999987,0.3129999999998745,True,pass,False,False
Australian Grand Prix,1,VER,SAI,Red Bull Racing,Williams,3,3,1,2.065499999999986,0.36599999999998545,True,pass,False,False
Austrian Grand Prix,8,ALB,SAI,Williams,Williams,3,9,7,0.17600000000000193,0.742999999999995,False,dropped_back,False,True
Austrian Grand Prix,8,ALB,SAI,Williams,Williams,11,11,1,0.17600000000000193,1.3489999999999327,False,pit,True,True
Austrian Grand Prix,8,ALO,STR,Aston Martin,Aston Martin,38,40,3,0.2774999999999892,0.6609999999991487,False,dropped_back,False,True
Austrian Grand Prix,8,ALO,STR,Aston Martin,Aston Martin,42,42,1,0.2774999999999892,0.5039999999989959,False,pit,True,True
Austrian Grand Prix,8,ANT,LEC,Mercedes,Ferrari,3,7,5,0.26400000000001,0.478999999999985,True,pass,False,False
Austrian Grand Prix,8,ANT,LEC,Mercedes,Ferrari,29,30,2,0.26400000000001,0.5090000000004693,True,pass,False,False
Austrian Grand Prix,8,BOR,OCO,Audi,Haas F1 Team,3,7,5,0.6355000000000075,0.12500000000005684,True,pass,False,False
Austrian Grand Prix,8,COL,ALB,Alpine,Williams,3,14,12,0.5309999999999917,0.3909999999999627,False,dropped_back,False,True
Austrian Grand Prix,8,COL,ALB,Alpine,Williams,29,30,2,0.5309999999999917,0.6239999999988868,True,pass,False,False
Austrian Grand Prix,8,COL,OCO,Alpine,Haas F1 Team,52,54,3,0.2844999999999942,0.3829999999993561,True,pass,False,False
Austrian Grand Prix,8,GAS,BOR,Alpine,Audi,3,7,5,0.2289999999999992,0.4439999999999884,False,dropped_back,False,True
Austrian Grand Prix,8,GAS,OCO,Alpine,Haas F1 Team,8,10,3,0.8645000000000067,0.5069999999999482,False,pit,True,True
Austrian Grand Prix,8,HAD,LAW,Red Bull Racing,Racing Bulls,3,4,2,1.1415000000000077,0.3370000000000175,True,pass,False,False
Austrian Grand Prix,8,HUL,OCO,Audi,Haas F1 Team,11,15,5,0.8810000000000002,0.5639999999998508,False,pit,True,True
Austrian Grand Prix,8,SAI,ALO,Williams,Aston Martin,20,20,1,0.7930000000000064,1.315000000000282,True,pass,False,False
Austrian Grand Prix,8,SAI,STR,Williams,Aston Martin,19,19,1,1.0704999999999956,1.2039999999999509,True,pass,False,False
Barcelona Grand Prix,7,ALO,BOT,Aston Martin,Cadillac,3,3,1,0.6195000000000022,1.4770000000000323,False,dropped_back,False,True
Barcelona Grand Prix,7,ALO,BOT,Aston Martin,Cadillac,8,11,4,0.6195000000000022,0.4740000000000464,False,pit,True,True
Barcelona Grand Prix,7,BOR,BEA,Audi,Haas F1 Team,3,12,10,1.402000000000001,0.33799999999999386,False,pit,True,True
Barcelona Grand Prix,7,BOR,BEA,Audi,Haas F1 Team,49,49,1,1.402000000000001,1.0349999999998545,False,dropped_back,False,True
Barcelona Grand Prix,7,BOR,OCO,Audi,Haas F1 Team,23,24,2,0.7909999999999968,0.4219999999995707,True,pass,False,False
Barcelona Grand Prix,7,BOR,SAI,Audi,Williams,46,48,3,0.39100000000000534,0.8800000000001091,False,dropped_back,False,True
Barcelona Grand Prix,7,COL,HUL,Alpine,Audi,19,19,1,0.37350000000000705,1.2920000000001437,False,dropped_back,False,True
Barcelona Grand Prix,7,GAS,HUL,Alpine,Audi,22,26,5,0.41100000000000136,0.8840000000000146,False,pit,True,True
Barcelona Grand Prix,7,HAD,COL,Red Bull Racing,Alpine,7,7,1,1.3044999999999902,0.7740000000000009,True,pass,False,False
Barcelona Grand Prix,7,HAD,GAS,Red Bull Racing,Alpine,4,6,3,1.266999999999996,0.35400000000004184,True,pass,False,False
Barcelona Grand Prix,7,HAD,LIN,Red Bull Racing,Racing Bulls,8,10,3,1.269999999999996,0.43800000000010186,True,pass,False,False
Barcelona Grand Prix,7,HAD,SAI,Red Bull Racing,Williams,3,3,1,1.5870000000000033,0.2810000000000059,True,pass,False,False
Barcelona Grand Prix,7,HAM,LEC,Ferrari,Ferrari,32,32,1,1.3289999999999935,0.5139999999996689,True,pass,False,False
Barcelona Grand Prix,7,HAM,RUS,Ferrari,Mercedes,3,3,1,0.8224999999999909,1.417999999999978,False,dropped_back,False,True
Barcelona Grand Prix,7,LAW,ALB,Racing Bulls,Williams,55,55,1,0.8650000000000091,0.7739999999994325,False,retired,True,True
Barcelona Grand Prix,7,LIN,HUL,Racing Bulls,Audi,3,5,3,0.40800000000000125,0.8489999999999895,False,dropped_back,False,True
Barcelona Grand Prix,7,LIN,OCO,Racing Bulls,Haas F1 Team,26,26,1,0.7169999999999987,0.23399999999946886,True,pass,False,False
Barcelona Grand Prix,7,LIN,SAI,Racing Bulls,Williams,45,45,1,0.3170000000000073,0.46900000000005093,True,pass,False,False
Barcelona Grand Prix,7,VER,NOR,Red Bull Racing,McLaren,3,4,2,0.20699999999999363,1.0989999999999895,False,dropped_back,False,True
Barcelona Grand Prix,7,VER,NOR,Red Bull Racing,McLaren,6,6,1,0.20699999999999363,1.377999999999929,False,dropped_back,False,True
Belgian Grand Prix,10,ALO,STR,Aston Martin,Aston Martin,7,8,2,0.22150000000000603,0.09800000000001319,True,pass,False,False
Belgian Grand Prix,10,ANT,LEC,Mercedes,Ferrari,24,24,1,0.2715000000000032,1.0870000000004438,False,dropped_back,False,True
Belgian Grand Prix,10,ANT,LEC,Mercedes,Ferrari,29,32,4,0.2715000000000032,0.14100000000144064,True,pass,False,False
Belgian Grand Prix,10,BEA,ALB,Haas F1 Team,Williams,32,34,3,0.5734999999999957,0.1320000000005166,True,pass,False,False
Belgian Grand Prix,10,HAM,PIA,Ferrari,McLaren,11,12,2,0.465999999999994,0.3909999999999627,True,pass,False,False
Belgian Grand Prix,10,HUL,ALB,Audi,Williams,7,9,3,0.5784999999999911,0.6070000000000846,False,dropped_back,False,True
Belgian Grand Prix,10,HUL,ALB,Audi,Williams,11,12,2,0.5784999999999911,0.3710000000000946,True,pass,False,False
Belgian Grand Prix,10,LIN,BOR,Racing Bulls,Audi,24,24,1,0.166499999999985,1.4870000000005348,False,dropped_back,False,True
Belgian Grand Prix,10,LIN,BOR,Racing Bulls,Audi,33,35,3,0.166499999999985,0.3009999999999309,True,pass,False,False
Belgian Grand Prix,10,LIN,BOR,Racing Bulls,Audi,37,38,2,0.166499999999985,0.027000000000043656,True,pass,False,False
Belgian Grand Prix,10,LIN,BOR,Racing Bulls,Audi,40,42,3,0.166499999999985,0.0930000000007567,True,pass,False,False
Belgian Grand Prix,10,LIN,LAW,Racing Bulls,Racing Bulls,9,9,1,0.9089999999999918,0.6280000000000427,False,dropped_back,False,True
Belgian Grand Prix,10,LIN,LAW,Racing Bulls,Racing Bulls,12,12,1,0.9089999999999918,0.05700000000001637,False,pit,True,True
Belgian Grand Prix,10,NOR,BOR,McLaren,Audi,7,7,1,0.4749999999999943,0.5999999999999659,True,pass,False,False
Belgian Grand Prix,10,NOR,COL,McLaren,Alpine,9,9,1,1.1325000000000074,1.3690000000000282,False,dropped_back,False,True
Belgian Grand Prix,10,NOR,COL,McLaren,Alpine,11,12,2,1.1325000000000074,0.5150000000001,True,pass,False,False
Belgian Grand Prix,10,OCO,BOT,Haas F1 Team,Cadillac,8,8,1,2.112499999999997,1.3629999999999427,True,pass,False,False
British Grand Prix,9,ALO,STR,Aston Martin,Aston Martin,9,15,7,0.17749999999999488,0.7000000000000455,False,pit,True,True
British Grand Prix,9,BEA,BOT,Haas F1 Team,Cadillac,3,6,4,0.8729999999999905,0.7889999999999873,True,pass,False,False
British Grand Prix,9,BEA,PER,Haas F1 Team,Cadillac,13,18,6,0.1769999999999925,0.7490000000000236,False,pit,True,True
British Grand Prix,9,BOR,SAI,Audi,Williams,3,5,3,0.8075000000000045,0.4949999999999477,True,pass,False,False
British Grand Prix,9,COL,OCO,Alpine,Haas F1 Team,4,5,2,0.8000000000000114,0.5640000000000782,True,pass,False,False
British Grand Prix,9,COL,SAI,Alpine,Williams,7,9,3,0.7630000000000052,0.7070000000001073,True,pass,False,False
British Grand Prix,9,GAS,OCO,Alpine,Haas F1 Team,3,3,1,0.8625000000000114,0.5449999999999875,True,pass,False,False
British Grand Prix,9,GAS,SAI,Alpine,Williams,6,6,1,0.8255000000000052,0.5609999999999786,True,pass,False,False
British Grand Prix,9,HAD,LAW,Red Bull Racing,Racing Bulls,25,25,1,0.8900000000000006,1.21100000000024,True,pass,False,False
British Grand Prix,9,HAM,RUS,Ferrari,Mercedes,27,31,5,0.41899999999999693,0.2690000000006876,False,pit,True,True
British Grand Prix,9,HUL,BEA,Audi,Haas F1 Team,8,10,3,0.8359999999999985,0.6479999999999109,True,pass,False,False
British Grand Prix,9,HUL,BOT,Audi,Cadillac,7,7,1,1.708999999999989,1.3179999999999836,True,pass,False,False
British Grand Prix,9,HUL,PER,Audi,Cadillac,11,12,2,1.012999999999991,0.5589999999997417,True,pass,False,False
British Grand Prix,9,HUL,SAI,Audi,Williams,25,25,1,0.5079999999999956,1.0120000000006257,True,pass,False,False
British Grand Prix,9,HUL,STR,Audi,Aston Martin,4,4,1,2.944999999999993,0.5579999999999927,True,pass,False,False
British Grand Prix,9,OCO,BEA,Haas F1 Team,Haas F1 Team,35,36,2,0.2909999999999968,0.7769999999991342,False,neutralised,True,True
British Grand Prix,9,OCO,BEA,Haas F1 Team,Haas F1 Team,44,44,1,0.2909999999999968,1.3609999999998763,False,pit,True,True
British Grand Prix,9,OCO,PER,Haas F1 Team,Cadillac,26,27,2,0.4679999999999893,0.501999999999498,True,pass,False,False
British Grand Prix,9,PIA,ALO,McLaren,Aston Martin,15,15,1,3.7365000000000066,1.0080000000002656,True,pass,False,False
British Grand Prix,9,PIA,BEA,McLaren,Haas F1 Team,40,40,1,1.8050000000000068,0.283999999999196,True,pass,False,False
British Grand Prix,9,PIA,SAI,McLaren,Williams,28,28,1,1.4770000000000039,1.412000000000262,False,dropped_back,False,True
British Grand Prix,9,PIA,SAI,McLaren,Williams,30,31,2,1.4770000000000039,1.249000000000251,False,dropped_back,False,True
British Grand Prix,9,PIA,SAI,McLaren,Williams,33,33,1,1.4770000000000039,0.8400000000001455,True,pass,False,False
British Grand Prix,9,VER,HAD,Red Bull Racing,Red Bull Racing,3,3,1,0.6020000000000039,0.5180000000000007,True,pass,False,False
British Grand Prix,9,VER,RUS,Red Bull Racing,Mercedes,9,14,6,0.3259999999999934,0.9789999999998145,False,pit,True,True
Canadian Grand Prix,5,ANT,RUS,Mercedes,Mercedes,7,12,6,0.7605000000000075,0.8489999999999895,False,neutralised,True,True
Canadian Grand Prix,5,ANT,RUS,Mercedes,Mercedes,15,18,4,0.7605000000000075,0.4539999999999509,False,neutralised,True,True
Canadian Grand Prix,5,ANT,RUS,Mercedes,Mercedes,20,22,3,0.7605000000000075,0.14599999999995816,True,pass,False,False
Canadian Grand Prix,5,ANT,RUS,Mercedes,Mercedes,26,28,3,0.7605000000000075,0.20600000000013097,False,pit,True,True
Canadian Grand Prix,5,BOR,OCO,Audi,Haas F1 Team,26,27,2,0.9969999999999999,0.5919999999996435,True,pass,False,False
Canadian Grand Prix,5,BOR,STR,Audi,Aston Martin,11,11,1,2.7860000000000014,1.4379999999999882,True,pass,False,False
Canadian Grand Prix,5,GAS,ALO,Alpine,Aston Martin,4,6,3,3.1069999999999993,0.11200000000002319,True,pass,False,False
Canadian Grand Prix,5,GAS,LAW,Alpine,Racing Bulls,50,50,1,0.1529999999999916,1.258000000001175,False,neutralised,True,True
Canadian Grand Prix,5,GAS,LAW,Alpine,Racing Bulls,54,59,6,0.1529999999999916,0.6590000000023792,False,neutralised,True,True
Canadian Grand Prix,5,GAS,LAW,Alpine,Racing Bulls,61,67,7,0.1529999999999916,0.364000000003216,False,race_end,True,True
Canadian Grand Prix,5,HAM,RUS,Ferrari,Mercedes,3,6,4,0.3119999999999976,0.3020000000000209,False,dropped_back,False,True
Canadian Grand Prix,5,HUL,STR,Audi,Aston Martin,9,9,1,3.137999999999991,0.5040000000000191,True,pass,False,False
Canadian Grand Prix,5,NOR,ALO,McLaren,Aston Martin,8,8,1,3.451999999999998,0.9009999999999536,True,pass,False,False
Canadian Grand Prix,5,NOR,GAS,McLaren,Alpine,10,11,2,0.34499999999999886,0.5090000000000146,True,pass,False,False
Canadian Grand Prix,5,NOR,GAS,McLaren,Alpine,36,36,1,0.34499999999999886,0.8559999999988577,True,pass,False,False
Canadian Grand Prix,5,NOR,OCO,McLaren,Haas F1 Team,7,7,1,1.5309999999999917,0.045000000000015916,True,pass,False,False
Canadian Grand Prix,5,PIA,ALO,McLaren,Aston Martin,9,9,1,3.429000000000002,0.1959999999999127,True,pass,False,False
Canadian Grand Prix,5,PIA,BOR,McLaren,Audi,62,63,2,0.5109999999999957,0.6739999999990687,True,pass,False,False
Canadian Grand Prix,5,PIA,HUL,McLaren,Audi,64,64,1,0.15900000000000603,0.7549999999991996,True,pass,False,False
Canadian Grand Prix,5,SAI,ALO,Williams,Aston Martin,15,15,1,3.2900000000000063,0.6959999999996853,True,pass,False,False
Chinese Grand Prix,2,BEA,BOT,Haas F1 Team,Cadillac,15,15,1,2.2720000000000056,0.6329999999995835,True,pass,False,False
Chinese Grand Prix,2,BEA,COL,Haas F1 Team,Alpine,17,17,1,0.8875000000000028,0.17699999999967986,False,neutralised,True,True
Chinese Grand Prix,2,BEA,LIN,Haas F1 Team,Racing Bulls,7,7,1,1.0470000000000113,1.07000000000005,False,pit,True,True
Chinese Grand Prix,2,BEA,SAI,Haas F1 Team,Williams,3,6,4,1.230000000000004,0.4070000000000391,True,pass,False,False
Chinese Grand Prix,2,BOT,ALO,Cadillac,Aston Martin,3,6,4,0.5844999999999914,0.4149999999999636,True,pass,False,False
Chinese Grand Prix,2,COL,BOT,Alpine,Cadillac,36,36,1,1.3845000000000027,0.23299999999971988,True,pass,False,False
Chinese Grand Prix,2,HAD,BOT,Red Bull Racing,Cadillac,16,16,1,1.7289999999999992,0.24799999999959255,False,neutralised,True,True
Chinese Grand Prix,2,HAD,COL,Red Bull Racing,Alpine,24,25,2,0.3444999999999965,0.843000000000302,False,dropped_back,False,True
Chinese Grand Prix,2,HAD,COL,Red Bull Racing,Alpine,29,29,1,0.3444999999999965,0.8780000000001564,False,pit,True,True
Chinese Grand Prix,2,HAD,HUL,Red Bull Racing,Audi,22,23,2,0.34900000000000375,0.11299999999982901,True,pass,False,False
Chinese Grand Prix,2,HUL,BOT,Audi,Cadillac,3,3,1,1.3799999999999955,0.41700000000003,True,pass,False,False
Chinese Grand Prix,2,LAW,ALO,Racing Bulls,Aston Martin,14,14,1,2.3574999999999875,0.16499999999996362,True,pass,False,False
Chinese Grand Prix,2,LAW,COL,Racing Bulls,Alpine,3,5,3,0.3884999999999934,1.0759999999999934,False,dropped_back,False,True
Chinese Grand Prix,2,LAW,LIN,Racing Bulls,Racing Bulls,19,21,3,0.5480000000000018,0.7190000000000509,True,pass,False,False
Chinese Grand Prix,2,LAW,OCO,Racing Bulls,Haas F1 Team,6,6,1,0.36199999999999477,0.5390000000000441,False,pit,True,True
Chinese Grand Prix,2,OCO,PER,Haas F1 Team,Cadillac,34,34,1,1.633499999999998,1.2290000000002692,True,pass,False,False
Chinese Grand Prix,2,PER,ALO,Cadillac,Aston Martin,15,15,1,0.36199999999999477,0.42899999999963256,True,pass,False,False
Chinese Grand Prix,2,RUS,HAM,Mercedes,Ferrari,4,4,1,0.45600000000000307,0.4189999999999827,True,pass,False,False
Chinese Grand Prix,2,RUS,LEC,Mercedes,Ferrari,3,3,1,0.4200000000000017,0.26799999999997226,True,pass,False,False
Chinese Grand Prix,2,VER,LAW,Red Bull Racing,Racing Bulls,14,14,1,0.180499999999995,0.41099999999983083,True,pass,False,False
Chinese Grand Prix,2,VER,LIN,Red Bull Racing,Racing Bulls,3,6,4,0.7284999999999968,0.23699999999996635,False,pit,True,True
Chinese Grand Prix,2,VER,OCO,Red Bull Racing,Haas F1 Team,20,21,2,0.5424999999999898,0.2760000000002947,True,pass,False,False
Dutch Grand Prix,12,ANT,ALB,Mercedes,Williams,15,15,1,2.923000000000002,0.23199999999974352,True,pass,False,False
Dutch Grand Prix,12,ANT,COL,Mercedes,Alpine,13,13,1,2.260000000000005,1.34800000000007,True,pass,False,False
Dutch Grand Prix,12,ANT,GAS,Mercedes,Alpine,25,25,1,2.132499999999993,0.3689999999999145,True,pass,False,False
Dutch Grand Prix,12,ANT,LIN,Mercedes,Racing Bulls,17,17,1,2.5504999999999995,1.102999999999838,True,pass,False,False
Dutch Grand Prix,12,ANT,LIN,Mercedes,Racing Bulls,26,26,1,2.5504999999999995,1.3580000000001746,True,pass,False,False
Dutch Grand Prix,12,ANT,PER,Mercedes,Cadillac,11,11,1,3.4879999999999995,1.4279999999999973,True,pass,False,False
Dutch Grand Prix,12,ANT,RUS,Mercedes,Mercedes,65,66,2,0.3610000000000042,1.1609999999991487,True,pass,False,False
Dutch Grand Prix,12,COL,ALO,Alpine,Aston Martin,13,14,2,0.33100000000000307,0.3789999999997917,False,dropped_back,False,True
Dutch Grand Prix,12,GAS,ALO,Alpine,Aston Martin,29,29,1,0.458500000000015,1.0849999999995816,False,dropped_back,False,True
Dutch Grand Prix,12,HAM,ALB,Ferrari,Williams,22,22,1,2.780000000000001,0.2670000000002801,True,pass,False,False
Dutch Grand Prix,12,HAM,ALO,Ferrari,Aston Martin,20,20,1,2.4480000000000075,1.2640000000001237,True,pass,False,False
Dutch Grand Prix,12,HAM,LIN,Ferrari,Racing Bulls,30,30,1,2.407499999999999,0.9060000000008586,True,pass,False,False
Dutch Grand Prix,12,HAM,PER,Ferrari,Cadillac,14,14,1,3.344999999999999,1.3820000000001755,True,pass,False,False
Dutch Grand Prix,12,HAM,PIA,Ferrari,McLaren,35,35,1,0.4000000000000057,0.23700000000189902,True,pass,False,False
Dutch Grand Prix,12,HAM,RUS,Ferrari,Mercedes,67,69,3,0.21800000000000352,1.3039999999991778,False,neutralised,True,True
Dutch Grand Prix,12,HUL,GAS,Audi,Alpine,30,30,1,0.35249999999999204,1.2179999999998472,True,pass,False,False
Dutch Grand Prix,12,HUL,GAS,Audi,Alpine,61,61,1,0.35249999999999204,0.18299999999908323,True,pass,False,False
Dutch Grand Prix,12,HUL,LIN,Audi,Racing Bulls,32,32,1,0.7704999999999984,1.4269999999996799,True,pass,False,False
Dutch Grand Prix,12,LAW,GAS,Racing Bulls,Alpine,7,7,1,1.11099999999999,0.2769999999999868,True,pass,False,False
Dutch Grand Prix,12,LEC,ALO,Ferrari,Aston Martin,27,27,1,2.5320000000000107,0.9559999999992215,True,pass,False,False
Dutch Grand Prix,12,LEC,HUL,Ferrari,Audi,26,26,1,1.7210000000000036,0.3669999999997344,True,pass,False,False
Dutch Grand Prix,12,LEC,LAW,Ferrari,Racing Bulls,61,61,1,0.9625000000000057,0.32700000000204454,True,pass,False,False
Dutch Grand Prix,12,LEC,PIA,Ferrari,McLaren,7,7,1,0.48400000000000887,0.15600000000006276,False,dropped_back,False,True
Dutch Grand Prix,12,LEC,PIA,Ferrari,McLaren,15,15,1,0.48400000000000887,1.4800000000000182,False,pit,True,True
Dutch Grand Prix,12,LEC,PIA,Ferrari,McLaren,28,28,1,0.48400000000000887,0.4699999999997999,True,pass,False,False
Dutch Grand Prix,12,LEC,RUS,Ferrari,Mercedes,8,14,7,0.3020000000000067,0.2460000000000946,False,pit,True,True
Dutch Grand Prix,12,LEC,RUS,Ferrari,Mercedes,72,72,1,0.3020000000000067,0.8369999999995343,False,race_end,True,True
Dutch Grand Prix,12,NOR,ALB,McLaren,Williams,16,16,1,2.782499999999999,1.0649999999998272,True,pass,False,False
Dutch Grand Prix,12,NOR,ALO,McLaren,Aston Martin,15,15,1,2.4505000000000052,0.7449999999998909,True,pass,False,False
Dutch Grand Prix,12,NOR,LAW,McLaren,Racing Bulls,42,43,2,0.8810000000000002,0.7109999999997854,True,pass,False,False
Dutch Grand Prix,12,NOR,PER,McLaren,Cadillac,12,12,1,3.3474999999999966,0.7599999999999909,True,pass,False,False
Dutch Grand Prix,12,OCO,ALB,Haas F1 Team,Williams,31,33,3,0.3130000000000024,0.6330000000007203,True,pass,False,False
Dutch Grand Prix,12,PIA,GAS,McLaren,Alpine,27,27,1,1.5894999999999868,1.06699999999978,True,pass,False,False
Dutch Grand Prix,12,PIA,HUL,McLaren,Audi,25,25,1,1.2369999999999948,0.6779999999998836,True,pass,False,False
Dutch Grand Prix,12,RUS,PIA,Mercedes,McLaren,8,14,7,0.18200000000000216,0.19499999999993634,False,pit,True,True
Dutch Grand Prix,12,STR,BOT,Aston Martin,Cadillac,20,23,4,0.8859999999999957,0.08100000000035834,True,pass,False,False
Dutch Grand Prix,12,TSU,ALO,Racing Bulls,Aston Martin,51,51,1,0.7670000000000101,1.4770000000003165,True,pass,False,False
Dutch Grand Prix,12,TSU,GAS,Racing Bulls,Alpine,31,32,2,0.3084999999999951,0.8780000000001564,True,pass,False,False
Hungarian Grand Prix,11,BOR,OCO,Audi,Haas F1 Team,3,8,6,0.2049999999999983,0.21299999999999386,False,dropped_back,False,True
Hungarian Grand Prix,11,BOR,OCO,Audi,Haas F1 Team,10,14,5,0.2049999999999983,0.45800000000019736,True,pass,False,False
Hungarian Grand Prix,11,GAS,STR,Alpine,Aston Martin,60,61,2,0.2880000000000109,0.48699999999826105,True,pass,False,False
Hungarian Grand Prix,11,HAM,ANT,Ferrari,Mercedes,60,60,1,0.3159999999999883,0.5310000000008586,False,dropped_back,False,True
Hungarian Grand Prix,11,HAM,ANT,Ferrari,Mercedes,63,70,8,0.3159999999999883,0.4930000000013024,False,race_end,True,True
Hungarian Grand Prix,11,HAM,VER,Ferrari,Red Bull Racing,3,10,8,0.32499999999998863,0.34300000000001774,False,pit,True,True
Hungarian Grand Prix,11,HAM,VER,Ferrari,Red Bull Racing,19,23,5,0.32499999999998863,0.427000000000362,False,dropped_back,False,True
Hungarian Grand Prix,11,HUL,ALO,Audi,Aston Martin,26,26,1,0.9619999999999891,0.4299999999989268,True,pass,False,False
Hungarian Grand Prix,11,HUL,LIN,Audi,Racing Bulls,3,11,9,0.3644999999999925,0.7030000000000314,False,dropped_back,False,True
Hungarian Grand Prix,11,HUL,LIN,Audi,Racing Bulls,15,16,2,0.3644999999999925,1.265999999999849,False,pit,True,True
Hungarian Grand Prix,11,HUL,LIN,Audi,Racing Bulls,63,63,1,0.3644999999999925,0.15599999999903957,True,pass,False,False
Hungarian Grand Prix,11,LAW,BOR,Racing Bulls,Audi,58,59,2,0.8235000000000099,0.36200000000098953,True,pass,False,False
Hungarian Grand Prix,11,LAW,LIN,Racing Bulls,Racing Bulls,61,62,2,0.4065000000000083,0.31300000000010186,True,pass,False,False
Hungarian Grand Prix,11,LEC,VER,Ferrari,Red Bull Racing,46,46,1,0.1529999999999916,1.0720000000001164,False,dropped_back,False,True
Hungarian Grand Prix,11,LIN,ALO,Racing Bulls,Aston Martin,25,25,1,0.5974999999999966,0.36899999999968713,True,pass,False,False
Hungarian Grand Prix,11,NOR,ANT,McLaren,Mercedes,45,46,2,0.5625,0.4189999999985048,True,pass,False,False
Hungarian Grand Prix,11,NOR,PIA,McLaren,McLaren,3,7,5,0.49200000000000443,0.9679999999999893,False,dropped_back,False,True
Hungarian Grand Prix,11,NOR,PIA,McLaren,McLaren,11,13,3,0.49200000000000443,1.1789999999996326,False,pit,True,True
Hungarian Grand Prix,11,NOR,PIA,McLaren,McLaren,22,30,9,0.49200000000000443,0.6279999999994743,False,pit,True,True
Hungarian Grand Prix,11,RUS,ALO,Mercedes,Aston Martin,5,5,1,2.0720000000000027,0.2829999999999586,True,pass,False,False
Hungarian Grand Prix,11,RUS,BEA,Mercedes,Haas F1 Team,4,4,1,2.7674999999999983,0.3069999999999595,True,pass,False,False
Hungarian Grand Prix,11,RUS,BOR,Mercedes,Audi,7,8,2,1.8915000000000077,0.23499999999978627,True,pass,False,False
Hungarian Grand Prix,11,RUS,COL,Mercedes,Alpine,6,6,1,2.0095000000000027,0.10499999999996135,True,pass,False,False
Hungarian Grand Prix,11,RUS,GAS,Mercedes,Alpine,11,12,2,1.3584999999999923,0.15599999999983538,True,pass,False,False
Hungarian Grand Prix,11,RUS,HUL,Mercedes,Audi,15,16,2,1.1100000000000136,0.5369999999998072,False,pit,True,True
Hungarian Grand Prix,11,RUS,OCO,Mercedes,Haas F1 Team,9,9,1,2.096500000000006,0.19699999999988904,True,pass,False,False
Hungarian Grand Prix,11,RUS,SAI,Mercedes,Williams,3,3,1,2.538499999999999,0.3159999999999741,True,pass,False,False
Hungarian Grand Prix,11,SAI,BEA,Williams,Haas F1 Team,3,3,1,0.2289999999999992,0.592000000000013,False,dropped_back,False,True
Hungarian Grand Prix,11,SAI,BEA,Williams,Haas F1 Team,5,6,2,0.2289999999999992,1.3420000000000414,False,dropped_back,False,True
Hungarian Grand Prix,11,STR,ALB,Aston Martin,Williams,4,5,2,0.9759999999999991,0.2410000000000423,True,pass,False,False
Hungarian Grand Prix,11,STR,ALB,Aston Martin,Williams,23,23,1,0.9759999999999991,0.9500000000002728,False,pit,True,True
Hungarian Grand Prix,11,STR,BOT,Aston Martin,Cadillac,3,3,1,2.0819999999999936,0.24200000000001864,True,pass,False,False
Hungarian Grand Prix,11,STR,PER,Aston Martin,Cadillac,15,16,2,2.4839999999999947,0.11099999999964894,True,pass,False,False
Japanese Grand Prix,3,ALO,STR,Aston Martin,Aston Martin,9,18,10,0.5185000000000031,0.38400000000001455,False,pit,True,True
Japanese Grand Prix,3,ANT,LEC,Mercedes,Ferrari,12,14,3,0.35149999999998727,0.375,False,pit,True,True
Japanese Grand Prix,3,ANT,NOR,Mercedes,McLaren,4,11,8,0.6310000000000002,0.28500000000008185,True,pass,False,False
Japanese Grand Prix,3,ANT,RUS,Mercedes,Mercedes,3,3,1,0.6099999999999852,0.5660000000000309,False,dropped_back,False,True
Japanese Grand Prix,3,BOR,BEA,Audi,Haas F1 Team,4,7,4,0.8960000000000008,0.43800000000010186,True,pass,False,False
Japanese Grand Prix,3,BOT,ALO,Cadillac,Aston Martin,9,10,2,0.6774999999999949,0.9429999999999836,False,dropped_back,False,True
Japanese Grand Prix,3,BOT,STR,Cadillac,Aston Martin,3,8,6,1.195999999999998,0.5709999999999695,False,dropped_back,False,True
Japanese Grand Prix,3,COL,SAI,Alpine,Williams,28,38,11,0.4969999999999999,0.4389999999993961,False,dropped_back,False,True
Japanese Grand Prix,3,COL,SAI,Alpine,Williams,44,45,2,0.4969999999999999,1.3519999999989523,False,dropped_back,False,True
Japanese Grand Prix,3,COL,SAI,Alpine,Williams,47,53,7,0.4969999999999999,0.6079999999992651,False,race_end,True,True
Japanese Grand Prix,3,HUL,ALB,Audi,Williams,4,4,1,1.1069999999999993,0.5910000000000082,True,pass,False,False
Japanese Grand Prix,3,HUL,PER,Audi,Cadillac,3,3,1,0.9089999999999918,0.49099999999998545,True,pass,False,False
Japanese Grand Prix,3,HUL,SAI,Audi,Williams,5,15,11,0.465999999999994,0.13599999999996726,True,pass,False,False
Japanese Grand Prix,3,LAW,HAD,Racing Bulls,Red Bull Racing,4,7,4,0.7019999999999982,0.8100000000000023,False,dropped_back,False,True
Japanese Grand Prix,3,LAW,HAD,Racing Bulls,Red Bull Racing,13,16,4,0.7019999999999982,0.5239999999998872,False,pit,True,True
Japanese Grand Prix,3,LEC,RUS,Ferrari,Mercedes,5,5,1,0.25849999999999795,1.0880000000000223,False,dropped_back,False,True
Japanese Grand Prix,3,LIN,BOR,Racing Bulls,Audi,39,40,2,0.3649999999999949,0.7469999999998436,False,dropped_back,False,True
Japanese Grand Prix,3,LIN,BOR,Racing Bulls,Audi,44,48,5,0.3649999999999949,0.9120000000011714,False,dropped_back,False,True
Japanese Grand Prix,3,LIN,HAD,Racing Bulls,Red Bull Racing,28,29,2,0.23799999999999955,0.1889999999993961,False,dropped_back,False,True
Japanese Grand Prix,3,LIN,HAD,Racing Bulls,Red Bull Racing,31,31,1,0.23799999999999955,0.827999999999065,False,dropped_back,False,True
Japanese Grand Prix,3,LIN,HUL,Racing Bulls,Audi,30,30,1,0.2530000000000001,0.27499999999918145,True,pass,False,False
Japanese Grand Prix,3,LIN,HUL,Racing Bulls,Audi,32,33,2,0.2530000000000001,1.0819999999989705,False,dropped_back,False,True
Japanese Grand Prix,3,LIN,HUL,Racing Bulls,Audi,37,38,2,0.2530000000000001,1.122999999998683,False,dropped_back,False,True
Japanese Grand Prix,3,OCO,BOR,Haas F1 Team,Audi,28,29,2,0.8639999999999901,0.4029999999993379,True,pass,False,False
Japanese Grand Prix,3,OCO,HAD,Haas F1 Team,Red Bull Racing,3,3,1,0.7369999999999948,0.01300000000000523,True,pass,False,False
Japanese Grand Prix,3,OCO,LIN,Haas F1 Team,Racing Bulls,6,6,1,0.4989999999999952,0.20400000000000773,True,pass,False,False
Japanese Grand Prix,3,PER,ALB,Cadillac,Williams,3,3,1,0.1980000000000075,1.0340000000000202,False,dropped_back,False,True
Japanese Grand Prix,3,PER,ALB,Cadillac,Williams,28,32,5,0.1980000000000075,0.5940000000000509,False,dropped_back,False,True
Japanese Grand Prix,3,PIA,RUS,McLaren,Mercedes,9,9,1,0.3779999999999859,0.2540000000001328,True,pass,False,False
Japanese Grand Prix,3,SAI,BEA,Williams,Haas F1 Team,3,3,1,0.5420000000000016,0.8980000000000246,False,dropped_back,False,True
Japanese Grand Prix,3,VER,LIN,Red Bull Racing,Racing Bulls,3,5,3,0.8529999999999944,0.5160000000000196,True,pass,False,False
Miami Grand Prix,4,ALO,BOT,Aston Martin,Cadillac,16,18,3,1.0619999999999976,0.6299999999996544,False,pit,True,True
Miami Grand Prix,4,ANT,LEC,Mercedes,Ferrari,3,4,2,0.501499999999993,0.9160000000000537,True,pass,False,False
Miami Grand Prix,4,ANT,LEC,Mercedes,Ferrari,15,15,1,0.501499999999993,1.1829999999999927,False,neutralised,True,True
Miami Grand Prix,4,ANT,LEC,Mercedes,Ferrari,17,17,1,0.501499999999993,0.9249999999999545,True,pass,False,False
Miami Grand Prix,4,BOR,LIN,Audi,Racing Bulls,14,14,1,0.15350000000000819,1.372000000000071,False,neutralised,True,True
Miami Grand Prix,4,BOR,LIN,Audi,Racing Bulls,17,19,3,0.15350000000000819,0.6179999999999382,True,pass,False,False
Miami Grand Prix,4,BOR,PER,Audi,Cadillac,3,4,2,1.4939999999999998,0.7160000000000082,False,neutralised,True,True
Miami Grand Prix,4,BOR,PER,Audi,Cadillac,12,12,1,1.4939999999999998,0.584999999999809,False,dropped_back,False,True
Miami Grand Prix,4,LIN,ALO,Racing Bulls,Aston Martin,33,33,1,1.3214999999999861,0.9450000000010732,True,pass,False,False
Miami Grand Prix,4,NOR,LEC,McLaren,Ferrari,13,13,1,0.3334999999999866,1.3730000000000473,True,pass,False,False
Miami Grand Prix,4,RUS,VER,Mercedes,Red Bull Racing,54,56,3,0.19650000000000034,0.23400000000128784,True,pass,False,False
Miami Grand Prix,4,STR,PER,Aston Martin,Cadillac,14,14,1,0.632000000000005,0.9089999999998781,False,neutralised,True,True
Miami Grand Prix,4,VER,ALB,Red Bull Racing,Williams,17,17,1,0.789999999999992,0.2309999999995398,True,pass,False,False
Miami Grand Prix,4,VER,COL,Red Bull Racing,Alpine,20,21,2,0.375,0.3249999999998181,True,pass,False,False
Miami Grand Prix,4,VER,OCO,Red Bull Racing,Haas F1 Team,15,15,1,1.394999999999996,0.4659999999998945,True,pass,False,False
Miami Grand Prix,4,VER,PER,Red Bull Racing,Cadillac,13,13,1,2.834000000000003,0.24099999999998545,True,pass,False,False
Miami Grand Prix,4,VER,SAI,Red Bull Racing,Williams,18,18,1,0.6574999999999989,0.37099999999963984,True,pass,False,False
Miami Grand Prix,4,VER,STR,Red Bull Racing,Aston Martin,12,12,1,2.201999999999998,0.4700000000000273,True,pass,False,False
Monaco Grand Prix,6,BOR,BOT,Audi,Cadillac,5,12,8,2.4620000000000033,0.6019999999999754,False,dropped_back,False,True
Monaco Grand Prix,6,BOR,PER,Audi,Cadillac,36,38,3,0.7805000000000035,0.7539999999999054,False,dropped_back,False,True
Monaco Grand Prix,6,BOR,PER,Audi,Cadillac,53,55,3,0.7805000000000035,0.3859999999995125,False,pit,True,True
Monaco Grand Prix,6,COL,HUL,Alpine,Audi,3,9,7,0.18099999999999739,0.8610000000000184,False,pit,True,True
Monaco Grand Prix,6,LIN,COL,Racing Bulls,Alpine,3,3,1,0.22400000000000375,1.4729999999999848,False,dropped_back,False,True
Monaco Grand Prix,6,LIN,COL,Racing Bulls,Alpine,6,13,8,0.22400000000000375,0.5819999999999936,False,dropped_back,False,True
Monaco Grand Prix,6,LIN,COL,Racing Bulls,Alpine,16,17,2,0.22400000000000375,1.3730000000002747,False,dropped_back,False,True
Monaco Grand Prix,6,LIN,COL,Racing Bulls,Alpine,24,28,5,0.22400000000000375,1.1210000000000946,False,dropped_back,False,True
Monaco Grand Prix,6,LIN,COL,Racing Bulls,Alpine,31,32,2,0.22400000000000375,1.0450000000000728,False,pit,True,True
Monaco Grand Prix,6,OCO,HUL,Haas F1 Team,Audi,33,50,18,0.28300000000000125,0.4679999999998472,False,dropped_back,False,True
Monaco Grand Prix,6,OCO,HUL,Haas F1 Team,Audi,52,54,3,0.28300000000000125,0.7409999999981665,False,dropped_back,False,True
Monaco Grand Prix,6,OCO,HUL,Haas F1 Team,Audi,73,77,5,0.28300000000000125,0.05799999999908323,False,race_end,True,True
Monaco Grand Prix,6,RUS,LAW,Mercedes,Racing Bulls,78,78,1,0.8020000000000067,0.443000000000211,False,race_end,True,True
Monaco Grand Prix,6,RUS,NOR,Mercedes,McLaren,39,43,5,0.5730000000000075,0.23000000000047294,False,pit,True,True
