entity,Race,affinity,n_samples,spread,seasons,kind
OCO,Abu Dhabi Grand Prix,1.9252182624210874,3,8.336538461538462,"2022,2023,2025",driver
ALO,Abu Dhabi Grand Prix,1.3949134903943021,3,5.576470588235294,"2023,2024,2025",driver
LEC,Abu Dhabi Grand Prix,1.2791269834627332,4,2.4278074866310164,"2022,2023,2024,2025",driver
STR,Abu Dhabi Grand Prix,1.0563543198376708,3,4.398026315789474,"2022,2023,2025",driver
NOR,Abu Dhabi Grand Prix,0.9208588635629432,4,3.370600414078675,"2022,2023,2024,2025",driver
HUL,Abu Dhabi Grand Prix,0.4047573838880588,3,3.8692307692307697,"2023,2024,2025",driver
RUS,Abu Dhabi Grand Prix,0.24651083910376767,4,3.850241545893719,"2022,2023,2024,2025",driver
VER,Abu Dhabi Grand Prix,0.148919085544536,4,5.086956521739131,"2022,2023,2024,2025",driver
PER,Abu Dhabi Grand Prix,0.025541124959924916,2,0.3157894736842106,"2022,2023",driver
TSU,Abu Dhabi Grand Prix,-0.2906057508201084,3,6.0892857142857135,"2022,2023,2025",driver
GAS,Abu Dhabi Grand Prix,-0.4574717457128174,3,5.861244019138756,"2022,2023,2024",driver
SAI,Abu Dhabi Grand Prix,-0.7087734053383761,3,4.783333333333332,"2022,2024,2025",driver
PIA,Abu Dhabi Grand Prix,-0.7748300108760753,3,6.803571428571429,"2023,2024,2025",driver
HAM,Abu Dhabi Grand Prix,-0.8981033933216617,3,5.963636363636363,"2023,2024,2025",driver
ZHO,Abu Dhabi Grand Prix,-1.9776631954725357,2,4.882352941176471,"2022,2023",driver
ALB,Abu Dhabi Grand Prix,-4.787013678478605,3,6.75,"2022,2023,2025",driver
STR,Australian Grand Prix,4.243904583736019,4,6.206140350877192,"2022,2023,2024,2025",driver
ALB,Australian Grand Prix,3.610995156295323,2,1.25,"2022,2025",driver
ZHO,Australian Grand Prix,3.122841867915799,2,2.117647058823529,"2022,2023",driver
HUL,Australian Grand Prix,2.8028711788028553,3,5.13076923076923,"2023,2024,2025",driver
RUS,Australian Grand Prix,1.292235662003928,2,0.1200828157349898,"2022,2025",driver
BOT,Australian Grand Prix,1.2389174464903228,2,0.9791666666666661,"2022,2023",driver
NOR,Australian Grand Prix,1.0924317388167528,4,2.522222222222222,"2022,2023,2024,2025",driver
VER,Australian Grand Prix,0.7865612648221344,2,0.7707509881422927,"2023,2025",driver
GAS,Australian Grand Prix,0.6736310459591229,2,2.578947368421053,"2022,2025",driver
TSU,Australian Grand Prix,0.5176744502455162,4,5.159722222222221,"2022,2023,2024,2025",driver
PER,Australian Grand Prix,0.4015320380082717,3,2.3157894736842106,"2022,2023,2024",driver
OCO,Australian Grand Prix,-0.5177009907093013,2,2.3249999999999993,"2022,2025",driver
LEC,Australian Grand Prix,-0.5362877357172534,3,5.268170426065163,"2022,2024,2025",driver
HAM,Australian Grand Prix,-0.8280500388304349,3,6.15,"2022,2023,2025",driver
SAI,Australian Grand Prix,-0.8294370223311717,2,9.36578947368421,"2023,2024",driver
ALO,Australian Grand Prix,-1.007664145601209,3,11.6,"2022,2023,2024",driver
PIA,Australian Grand Prix,-2.4772212793496133,3,7.352272727272727,"2023,2024,2025",driver
MAG,Austrian Grand Prix,4.222222222222223,2,1.166666666666666,"2022,2024",driver
PIA,Austrian Grand Prix,1.747070538763985,2,2.352272727272727,"2024,2025",driver
NOR,Austrian Grand Prix,1.4349879819795237,3,1.4777777777777779,"2022,2023,2025",driver
HAM,Austrian Grand Prix,1.2248826995857354,4,5.85,"2022,2023,2024,2025",driver
RUS,Austrian Grand Prix,0.708102942720513,4,4.936507936507937,"2022,2023,2024,2025",driver
SAI,Austrian Grand Prix,0.48427147665358855,2,1.3657894736842104,"2023,2024",driver
ALB,Austrian Grand Prix,0.05045724908074068,2,1.0875000000000004,"2022,2023",driver
PER,Austrian Grand Prix,-0.17856265052034886,2,1.8322368421052633,"2023,2024",driver
LEC,Austrian Grand Prix,-0.40141653665147187,4,10.427807486631016,"2022,2023,2024,2025",driver
ALO,Austrian Grand Prix,-0.4769552621700474,2,2.5999999999999996,"2022,2023",driver
VER,Austrian Grand Prix,-0.8384872778627834,3,2.316205533596838,"2022,2023,2024",driver
STR,Austrian Grand Prix,-0.8510592265647936,2,1.6019736842105257,"2022,2023",driver
GAS,Austrian Grand Prix,-1.0821264602886,3,3.1052631578947363,"2022,2023,2024",driver
SAI,Azerbaijan Grand Prix,5.072514619883042,2,6.582456140350878,"2023,2025",driver
TSU,Azerbaijan Grand Prix,3.1044371169762504,3,5.0625,"2022,2023,2025",driver
PER,Azerbaijan Grand Prix,2.197114000213735,2,1.6842105263157894,"2022,2023",driver
RUS,Azerbaijan Grand Prix,1.2702001097255926,4,4.149758454106281,"2022,2023,2024,2025",driver
PIA,Azerbaijan Grand Prix,1.1441416850650483,2,7.196428571428571,"2023,2024",driver
VER,Azerbaijan Grand Prix,0.2297993145842977,4,4.086956521739131,"2022,2023,2024,2025",driver
ALO,Azerbaijan Grand Prix,-0.7601177475558382,4,7.2610294117647065,"2022,2023,2024,2025",driver
LEC,Azerbaijan Grand Prix,-0.8983188055240622,3,5.834733893557424,"2023,2024,2025",driver
GAS,Azerbaijan Grand Prix,-1.0043899063908444,3,10.894736842105264,"2022,2023,2024",driver
HAM,Azerbaijan Grand Prix,-1.4654732377027564,4,3.8863636363636367,"2022,2023,2024,2025",driver
ALB,Azerbaijan Grand Prix,-2.4382529615295154,3,4.75,"2022,2023,2025",driver
NOR,Azerbaijan Grand Prix,-2.6649275740639617,4,4.370600414078675,"2022,2023,2024,2025",driver
STR,Azerbaijan Grand Prix,-3.118055555555556,2,7.395833333333334,"2023,2025",driver
OCO,Azerbaijan Grand Prix,-3.2327988846974565,3,4.661538461538461,"2022,2023,2025",driver
HUL,Azerbaijan Grand Prix,-4.204761914105825,2,5.076923076923078,"2024,2025",driver
BOT,Bahrain Grand Prix,3.824703884117228,2,0.020833333333333925,"2022,2023",driver
OCO,Bahrain Grand Prix,3.176279634471992,2,2.6750000000000007,"2022,2025",driver
PER,Bahrain Grand Prix,3.1645830999872713,2,2.1677631578947367,"2023,2024",driver
GAS,Bahrain Grand Prix,2.8947368421052633,2,3.3157894736842106,"2023,2025",driver
TSU,Bahrain Grand Prix,2.169889962400256,3,4.8482142857142865,"2022,2023,2025",driver
SAI,Bahrain Grand Prix,1.3551300324924618,3,0.6342105263157896,"2022,2023,2024",driver
RUS,Bahrain Grand Prix,0.7751063183127359,4,3.149758454106281,"2022,2023,2024,2025",driver
LEC,Bahrain Grand Prix,0.7185462602217881,3,2.861244019138756,"2022,2024,2025",driver
HAM,Bahrain Grand Prix,0.5917177207151801,4,2.8863636363636367,"2022,2023,2024,2025",driver
PIA,Bahrain Grand Prix,-0.15242439784768028,2,4.647727272727273,"2024,2025",driver
VER,Bahrain Grand Prix,-0.6509373836078753,3,4.913043478260869,"2023,2024,2025",driver
STR,Bahrain Grand Prix,-1.5469564169408079,4,8.395833333333334,"2022,2023,2024,2025",driver
ALB,Bahrain Grand Prix,-1.54998795780079,3,3.6624999999999996,"2022,2023,2025",driver
ALO,Bahrain Grand Prix,-1.6694251013417898,4,7.423529411764706,"2022,2023,2024,2025",driver
NOR,Bahrain Grand Prix,-2.4256288168504017,3,6.438095238095238,"2022,2024,2025",driver
PIA,Belgian Grand Prix,2.33285697639089,2,1.352272727272727,"2024,2025",driver
HAM,Belgian Grand Prix,1.6488147673563656,3,5.113636363636363,"2023,2024,2025",driver
ALB,Belgian Grand Prix,1.1802598988093922,3,6.3375,"2022,2023,2025",driver
LEC,Belgian Grand Prix,0.9221043795075748,4,4.731829573934837,"2022,2023,2024,2025",driver
PER,Belgian Grand Prix,0.45650008241544815,3,2.8322368421052633,"2022,2023,2024",driver
RUS,Belgian Grand Prix,-0.2961273605995636,3,1.1200828157349898,"2022,2023,2025",driver
ZHO,Belgian Grand Prix,-0.4629445697111061,2,1.117647058823529,"2022,2023",driver
GAS,Belgian Grand Prix,-0.4642676449234508,4,6.033492822966508,"2022,2023,2024,2025",driver
VER,Belgian Grand Prix,-0.47036903987848044,4,2.0434782608695654,"2022,2023,2024,2025",driver
NOR,Belgian Grand Prix,-1.0121377608448339,4,4.438095238095238,"2022,2023,2024,2025",driver
STR,Belgian Grand Prix,-1.0992411667716013,4,2.7938596491228083,"2022,2023,2024,2025",driver
OCO,Belgian Grand Prix,-1.3118074582567278,3,4.324999999999999,"2022,2023,2025",driver
ALO,Belgian Grand Prix,-2.0125708518494094,4,9.823529411764707,"2022,2023,2024,2025",driver
TSU,Belgian Grand Prix,-2.0819888408289273,4,6.992063492063492,"2022,2023,2024,2025",driver
MAG,Belgian Grand Prix,-2.444444444444444,2,0.8333333333333339,"2022,2024",driver
SAI,Belgian Grand Prix,-4.336190403307897,3,8.233333333333333,"2022,2024,2025",driver
HUL,Belgian Grand Prix,-4.8378833032312265,3,5.923076923076922,"2023,2024,2025",driver
HUL,British Grand Prix,4.21708474117595,3,6.792307692307691,"2023,2024,2025",driver
HAM,British Grand Prix,3.0296205537101004,4,3.1136363636363633,"2022,2023,2024,2025",driver
STR,British Grand Prix,1.7626876457707004,4,9.604166666666666,"2022,2023,2024,2025",driver
NOR,British Grand Prix,1.7354091348615943,4,3.6690821256038646,"2022,2023,2024,2025",driver
PIA,British Grand Prix,1.6005152745481421,3,3.155844155844156,"2023,2024,2025",driver
ALB,British Grand Prix,1.4916666666666665,2,1.6624999999999996,"2023,2025",driver
MAG,British Grand Prix,0.8888888888888893,2,3.166666666666666,"2022,2024",driver
ALO,British Grand Prix,0.72109919040948,4,4.4,"2022,2023,2024,2025",driver
PER,British Grand Prix,-0.7318181879207899,2,3.3157894736842106,"2022,2023",driver
VER,British Grand Prix,-1.137035706545147,4,5.956521739130435,"2022,2023,2024,2025",driver
SAI,British Grand Prix,-1.4367763736733048,4,6.815789473684211,"2022,2023,2024,2025",driver
TSU,British Grand Prix,-1.6449311981524954,3,5.007936507936508,"2022,2023,2024",driver
RUS,British Grand Prix,-3.4557165861513686,2,6.850241545893719,"2023,2025",driver
LEC,British Grand Prix,-6.071100778839421,3,8.268170426065163,"2022,2023,2025",driver
ALO,Canadian Grand Prix,2.4784585032901947,4,4.6,"2022,2023,2024,2025",driver
RUS,Canadian Grand Prix,2.3504321340051453,3,2.87991718426501,"2022,2024,2025",driver
BOT,Canadian Grand Prix,2.2389174464903228,2,0.9791666666666661,"2022,2023",driver
ALB,Canadian Grand Prix,1.9793894372152654,2,3.9124999999999996,"2022,2023",driver
STR,Canadian Grand Prix,1.8905658176533773,3,3.8874999999999993,"2022,2023,2024",driver
HAM,Canadian Grand Prix,1.4201448454613703,4,1.1500000000000004,"2022,2023,2024,2025",driver
OCO,Canadian Grand Prix,1.226693303635296,2,1.661538461538461,"2022,2023",driver
VER,Canadian Grand Prix,1.1391066683702495,4,1.6837944664031619,"2022,2023,2024,2025",driver
SAI,Canadian Grand Prix,1.0221215903569987,2,0.8157894736842106,"2022,2023",driver
HUL,Canadian Grand Prix,0.4815295869094144,2,2.9230769230769216,"2024,2025",driver
LEC,Canadian Grand Prix,-0.057545050704154006,3,2.5665634674922604,"2022,2023,2025",driver
GAS,Canadian Grand Prix,-1.0432581833397223,3,2.966507177033492,"2022,2023,2024",driver
PIA,Canadian Grand Prix,-1.2118120827397492,3,3.196428571428571,"2023,2024,2025",driver
MAG,Canadian Grand Prix,-1.444444444444444,2,3.833333333333334,"2022,2024",driver
NOR,Canadian Grand Prix,-3.0558708456218806,3,8.808695652173913,"2022,2023,2024",driver
TSU,Canadian Grand Prix,-3.3668516246298674,2,0.9920634920634921,"2023,2024",driver
NOR,Chinese Grand Prix,0.8058165182008054,2,1.370600414078675,"2024,2025",driver
RUS,Chinese Grand Prix,0.34411118389888495,2,2.213250517598344,"2024,2025",driver
VER,Chinese Grand Prix,0.25010037734771173,2,2.913043478260869,"2024,2025",driver
PIA,Chinese Grand Prix,-0.15242439784768028,2,4.647727272727273,"2024,2025",driver
SAI,Chinese Grand Prix,-0.2372931675539319,2,1.2166666666666677,"2024,2025",driver
STR,Chinese Grand Prix,-0.3654677606059558,2,6.716666666666667,"2024,2025",driver
ALB,Dutch Grand Prix,2.9567899062668435,3,3.25,"2022,2023,2025",driver
ALO,Dutch Grand Prix,2.526810068267173,3,1.5999999999999996,"2022,2023,2025",driver
STR,Dutch Grand Prix,2.0236278971256683,3,6.604166666666666,"2022,2023,2025",driver
NOR,Dutch Grand Prix,1.1318017970902274,3,3.3309178743961354,"2022,2023,2024",driver
PIA,Dutch Grand Prix,0.9208925155651829,3,2.844155844155844,"2023,2024,2025",driver
VER,Dutch Grand Prix,0.8629642934548529,4,0.7707509881422927,"2022,2023,2024,2025",driver
OCO,Dutch Grand Prix,0.46472254920072315,3,3.3365384615384617,"2022,2023,2025",driver
LEC,Dutch Grand Prix,0.40829346092503993,2,0.13875598086124397,"2022,2024",driver
TSU,Dutch Grand Prix,0.15476190476190452,2,5.9107142857142865,"2023,2025",driver
PER,Dutch Grand Prix,-0.4107953192796197,3,1.851973684210526,"2022,2023,2024",driver
HAM,Dutch Grand Prix,-1.1504568411972196,3,2.8863636363636367,"2022,2023,2024",driver
GAS,Dutch Grand Prix,-1.323515116538716,3,12.68421052631579,"2022,2023,2025",driver
SAI,Dutch Grand Prix,-1.8174882482502883,4,5.184210526315789,"2022,2023,2024,2025",driver
RUS,Dutch Grand Prix,-2.23470609886155,4,13.26984126984127,"2022,2023,2024,2025",driver
HUL,Dutch Grand Prix,-2.571794871794872,2,5.207692307692309,"2023,2025",driver
ALB,Emilia Romagna Grand Prix,3.349791281331582,2,2.25,"2022,2025",driver
TSU,Emilia Romagna Grand Prix,2.4146941326334734,2,4.9375,"2022,2025",driver
VER,Emilia Romagna Grand Prix,1.8346069344736227,3,1.0434782608695654,"2022,2024,2025",driver
NOR,Emilia Romagna Grand Prix,1.4911100624643667,3,4.561904761904762,"2022,2024,2025",driver
SAI,Emilia Romagna Grand Prix,0.9342797076998781,2,3.2166666666666677,"2024,2025",driver
PIA,Emilia Romagna Grand Prix,0.33285697639089007,2,1.352272727272727,"2024,2025",driver
HAM,Emilia Romagna Grand Prix,-0.12774504402981163,3,11.0,"2022,2024,2025",driver
LEC,Emilia Romagna Grand Prix,-0.7667351140167821,3,3.138755980861244,"2022,2024,2025",driver
PER,Emilia Romagna Grand Prix,-0.888157894736842,2,3.148026315789474,"2022,2024",driver
STR,Emilia Romagna Grand Prix,-0.9478836679215221,3,5.283333333333333,"2022,2024,2025",driver
GAS,Emilia Romagna Grand Prix,-1.5875728290046187,2,1.578947368421053,"2022,2025",driver
RUS,Emilia Romagna Grand Prix,-1.9338391134567554,3,3.12008281573499,"2022,2024,2025",driver
STR,Hungarian Grand Prix,2.4196487002256104,3,4.206140350877192,"2022,2024,2025",driver
PIA,Hungarian Grand Prix,2.335106077938278,3,3.352272727272727,"2023,2024,2025",driver
HAM,Hungarian Grand Prix,2.208788676768699,3,1.963636363636363,"2022,2023,2024",driver
NOR,Hungarian Grand Prix,1.8734803223192928,4,3.477777777777778,"2022,2023,2024,2025",driver
ALO,Hungarian Grand Prix,0.6500313785440046,4,8.576470588235294,"2022,2023,2024,2025",driver
RUS,Hungarian Grand Prix,-0.11051176485139076,4,4.333333333333334,"2022,2023,2024,2025",driver
LEC,Hungarian Grand Prix,-0.5256108706616316,4,3.731829573934837,"2022,2023,2024,2025",driver
PER,Hungarian Grand Prix,-0.5434999175845519,3,2.6842105263157894,"2022,2023,2024",driver
TSU,Hungarian Grand Prix,-1.1643518518518523,2,7.159722222222221,"2022,2024",driver
SAI,Hungarian Grand Prix,-1.7387062888635927,3,1.8157894736842106,"2022,2023,2024",driver
VER,Hungarian Grand Prix,-2.699132873550227,4,6.956521739130435,"2022,2023,2024,2025",driver
ALB,Italian Grand Prix,2.4916666666666667,2,1.6624999999999996,"2023,2025",driver
LEC,Italian Grand Prix,1.4408874415422568,4,1.5721925133689836,"2022,2023,2024,2025",driver
ZHO,Italian Grand Prix,0.6081232421543693,2,3.882352941176471,"2022,2023",driver
HAM,Italian Grand Prix,0.28207365800367196,4,1.963636363636363,"2022,2023,2024,2025",driver
MAG,Italian Grand Prix,0.22222222222222246,2,4.833333333333334,"2022,2024",driver
SAI,Italian Grand Prix,0.18251175174971154,4,3.417543859649122,"2022,2023,2024,2025",driver
VER,Italian Grand Prix,0.148919085544536,4,5.086956521739131,"2022,2023,2024,2025",driver
NOR,Italian Grand Prix,0.035240780398816306,4,2.522222222222222,"2022,2023,2024,2025",driver
PIA,Italian Grand Prix,-0.024139440027640607,3,7.196428571428571,"2023,2024,2025",driver
BOT,Italian Grand Prix,-0.24636392774824772,2,5.020833333333334,"2022,2023",driver
RUS,Italian Grand Prix,-0.42015582756289904,4,3.333333333333334,"2022,2023,2024,2025",driver
PER,Italian Grand Prix,-0.9027454355504705,3,4.684210526315789,"2022,2023,2024",driver
TSU,Italian Grand Prix,-1.6301213672214925,2,0.9375,"2022,2025",driver
GAS,Italian Grand Prix,-1.6314688399445754,2,8.894736842105264,"2022,2023",driver
ALO,Italian Grand Prix,-2.909403858487468,2,0.8375000000000004,"2023,2024",driver
PER,Japanese Grand Prix,3.1118421052631575,2,2.851973684210526,"2022,2024",driver
VER,Japanese Grand Prix,1.5296309601215194,4,1.7707509881422927,"2022,2023,2024,2025",driver
LEC,Japanese Grand Prix,0.4743891293383683,4,1.5930735930735929,"2022,2023,2024,2025",driver
NOR,Japanese Grand Prix,0.24031534344873764,4,6.477777777777778,"2022,2023,2024,2025",driver
PIA,Japanese Grand Prix,0.09246539081899274,3,7.803571428571429,"2023,2024,2025",driver
ALO,Japanese Grand Prix,0.020930835946701837,4,4.8375,"2022,2023,2024,2025",driver
TSU,Japanese Grand Prix,-0.6301213672214925,2,0.9375,"2022,2025",driver
HAM,Japanese Grand Prix,-1.0177579875335498,4,3.036363636363637,"2022,2023,2024,2025",driver
SAI,Japanese Grand Prix,-1.4266486681884856,3,4.783333333333332,"2023,2024,2025",driver
RUS,Japanese Grand Prix,-1.5010360566026606,4,2.87991718426501,"2022,2023,2024,2025",driver
GAS,Japanese Grand Prix,-2.388967961962721,3,6.105263157894736,"2022,2023,2025",driver
OCO,Japanese Grand Prix,-2.627841752493815,3,10.325,"2022,2023,2025",driver
OCO,Las Vegas Grand Prix,3.4294871794871793,2,1.6634615384615383,"2023,2025",driver
SAI,Las Vegas Grand Prix,2.6510878857092703,3,5.582456140350878,"2023,2024,2025",driver
HUL,Las Vegas Grand Prix,2.309956711655605,2,0.9230769230769216,"2024,2025",driver
RUS,Las Vegas Grand Prix,1.8932133382136698,3,5.936507936507937,"2023,2024,2025",driver
LEC,Las Vegas Grand Prix,0.9528768287127071,3,3.4278074866310164,"2023,2024,2025",driver
VER,Las Vegas Grand Prix,0.33296284893382583,3,4.086956521739131,"2023,2024,2025",driver
HAM,Las Vegas Grand Prix,0.19573292803439266,3,5.963636363636363,"2023,2024,2025",driver
TSU,Las Vegas Grand Prix,-0.00630211224531487,2,2.0972222222222214,"2024,2025",driver
STR,Las Vegas Grand Prix,-0.939692475248267,2,8.1125,"2023,2024",driver
GAS,Las Vegas Grand Prix,-1.7719298245614035,2,0.6842105263157894,"2023,2025",driver
PER,Las Vegas Grand Prix,-1.9359219634010638,2,4.832236842105264,"2023,2024",driver
PIA,Las Vegas Grand Prix,-1.9563633783232866,2,0.19642857142857117,"2023,2024",driver
ALO,Las Vegas Grand Prix,-1.9643320275716165,3,2.576470588235294,"2023,2024,2025",driver
MAG,Mexico City Grand Prix,1.8888888888888895,2,8.833333333333334,"2022,2024",driver
SAI,Mexico City Grand Prix,1.5816709521534482,3,4.55,"2022,2023,2024",driver
LEC,Mexico City Grand Prix,1.3126286712588449,4,5.731829573934837,"2022,2023,2024,2025",driver
ALB,Mexico City Grand Prix,1.2220301243345506,2,0.9124999999999996,"2022,2023",driver
OCO,Mexico City Grand Prix,1.1949704058109054,3,4.336538461538462,"2022,2023,2025",driver
NOR,Mexico City Grand Prix,1.0115515097769912,4,2.8086956521739133,"2022,2023,2024,2025",driver
HAM,Mexico City Grand Prix,0.9724295952921638,4,4.15,"2022,2023,2024,2025",driver
TSU,Mexico City Grand Prix,-0.17857142857142883,2,0.9107142857142865,"2023,2025",driver
GAS,Mexico City Grand Prix,-0.5309637765562408,2,1.8947368421052637,"2022,2023",driver
VER,Mexico City Grand Prix,-0.6321294979580039,4,4.043478260869565,"2022,2023,2024,2025",driver
ZHO,Mexico City Grand Prix,-0.634517444964916,2,0.882352941176471,"2022,2023",driver
RUS,Mexico City Grand Prix,-0.9822529945679788,4,3.12008281573499,"2022,2023,2024,2025",driver
BOT,Mexico City Grand Prix,-1.9326554287634874,2,2.979166666666666,"2022,2023",driver
PIA,Mexico City Grand Prix,-1.9464028861298852,3,2.803571428571429,"2023,2024,2025",driver
ALB,Miami Grand Prix,1.9105077554195742,3,7.3375,"2022,2023,2025",driver
TSU,Miami Grand Prix,1.5176744502455162,4,3.007936507936508,"2022,2023,2024,2025",driver
PER,Miami Grand Prix,1.3626637610593937,3,2.851973684210526,"2022,2023,2024",driver
BOT,Miami Grand Prix,0.4815581336096078,2,3.979166666666666,"2022,2023",driver
SAI,Miami Grand Prix,0.43496485604328317,4,2.2166666666666677,"2022,2023,2024,2025",driver
VER,Miami Grand Prix,0.081915709952313,4,1.9565217391304346,"2022,2023,2024,2025",driver
RUS,Miami Grand Prix,0.0038701519844825203,4,5.063492063492063,"2022,2023,2024,2025",driver
ALO,Miami Grand Prix,-0.1015004669572633,3,5.6,"2022,2023,2024",driver
OCO,Miami Grand Prix,-0.15379031113818448,3,0.661538461538461,"2022,2023,2025",driver
LEC,Miami Grand Prix,-0.8687566211692515,4,3.4334365325077396,"2022,2023,2024,2025",driver
HAM,Miami Grand Prix,-0.9131884878719629,4,1.1136363636363633,"2022,2023,2024,2025",driver
GAS,Miami Grand Prix,-1.3110015777878439,3,4.138755980861244,"2023,2024,2025",driver
NOR,Miami Grand Prix,-1.485378738925066,3,13.330917874396135,"2023,2024,2025",driver
HUL,Miami Grand Prix,-1.590816404216613,2,0.8692307692307697,"2023,2024",driver
PIA,Miami Grand Prix,-2.223492209713156,2,9.647727272727273,"2024,2025",driver
STR,Miami Grand Prix,-3.601384298617474,3,7.510526315789475,"2022,2023,2024",driver
ALO,Monaco Grand Prix,2.523044737829953,2,2.5999999999999996,"2022,2023",driver
GAS,Monaco Grand Prix,1.8121819739513791,2,2.1052631578947363,"2022,2023",driver
OCO,Monaco Grand Prix,1.6703441175312506,2,9.338461538461539,"2022,2023",driver
LEC,Monaco Grand Prix,1.55526935837813,4,4.165266106442576,"2022,2023,2024,2025",driver
PIA,Monaco Grand Prix,1.1612841011370802,2,3.352272727272727,"2024,2025",driver
NOR,Monaco Grand Prix,0.7753813099262675,3,2.1913043478260867,"2022,2024,2025",driver
RUS,Monaco Grand Prix,0.23731042099016333,3,1.7301587301587293,"2022,2023,2024",driver
HAM,Monaco Grand Prix,0.09662392930232336,4,5.0,"2022,2023,2024,2025",driver
SAI,Monaco Grand Prix,0.07362106842429889,3,3.8157894736842106,"2022,2023,2024",driver
VER,Monaco Grand Prix,-1.2987961646246704,4,3.316205533596838,"2022,2023,2024,2025",driver
SAI,Qatar Grand Prix,3.448998333461308,2,9.216666666666669,"2024,2025",driver
PIA,Qatar Grand Prix,2.373974354887156,3,5.1558441558441555,"2023,2024,2025",driver
ALO,Qatar Grand Prix,1.8091270527673973,3,3.576470588235294,"2023,2024,2025",driver
GAS,Qatar Grand Prix,1.7034342179759892,2,6.861244019138756,"2023,2024",driver
VER,Qatar Grand Prix,1.6144718130019888,3,1.7707509881422927,"2023,2024,2025",driver
RUS,Qatar Grand Prix,0.025917936518601633,3,3.850241545893719,"2023,2024,2025",driver
TSU,Qatar Grand Prix,-0.4915834864838853,2,3.9027777777777786,"2024,2025",driver
LEC,Qatar Grand Prix,-0.8983188055240622,3,4.406926406926408,"2023,2024,2025",driver
NOR,Qatar Grand Prix,-2.1033647114685685,3,9.669082125603865,"2023,2024,2025",driver
ALB,Qatar Grand Prix,-2.1750000000000003,2,0.33750000000000036,"2023,2025",driver
HAM,Qatar Grand Prix,-5.617143839376153,2,0.8863636363636367,"2024,2025",driver
PER,Saudi Arabian Grand Prix,2.58920468072038,3,4.851973684210526,"2022,2023,2024",driver
GAS,Saudi Arabian Grand Prix,1.8832497858168544,2,2.8947368421052637,"2022,2023",driver
ALO,Saudi Arabian Grand Prix,1.3171769364965467,3,4.2610294117647065,"2023,2024,2025",driver
SAI,Saudi Arabian Grand Prix,1.2330632808961899,3,2.582456140350878,"2022,2023,2025",driver
MAG,Saudi Arabian Grand Prix,1.2222222222222225,2,4.166666666666666,"2022,2024",driver
VER,Saudi Arabian Grand Prix,0.9438445224946146,4,2.683794466403162,"2022,2023,2024,2025",driver
ZHO,Saudi Arabian Grand Prix,0.7796961174081791,2,1.882352941176471,"2022,2023",driver
LEC,Saudi Arabian Grand Prix,0.6933405458358284,4,4.165266106442576,"2022,2023,2024,2025",driver
HUL,Saudi Arabian Grand Prix,0.23761072052957735,2,1.1307692307692303,"2023,2024",driver
RUS,Saudi Arabian Grand Prix,-0.22489368168726398,4,3.0634920634920633,"2022,2023,2024,2025",driver
PIA,Saudi Arabian Grand Prix,-0.4383530024007356,3,8.844155844155845,"2023,2024,2025",driver
OCO,Saudi Arabian Grand Prix,-0.5815596016465459,3,4.324999999999999,"2022,2023,2025",driver
HAM,Saudi Arabian Grand Prix,-1.7081139248220416,4,5.15,"2022,2023,2024,2025",driver
NOR,Saudi Arabian Grand Prix,-3.8838789905614215,4,11.522222222222222,"2022,2023,2024,2025",driver
GAS,Singapore Grand Prix,2.812181973951379,2,2.1052631578947363,"2022,2023",driver
NOR,Singapore Grand Prix,1.7827876761052446,4,5.0396825396825395,"2022,2023,2024,2025",driver
PIA,Singapore Grand Prix,0.33510607793827796,3,3.352272727272727,"2023,2024,2025",driver
RUS,Singapore Grand Prix,0.29155763095942666,3,12.879917184265011,"2022,2024,2025",driver
SAI,Singapore Grand Prix,0.27739347859470603,3,7.63421052631579,"2022,2023,2024",driver
LEC,Singapore Grand Prix,-0.4447306416218699,4,2.861244019138756,"2022,2023,2024,2025",driver
HAM,Singapore Grand Prix,-0.7416156126181531,4,6.15,"2022,2023,2024,2025",driver
VER,Singapore Grand Prix,-0.7465114147938772,4,6.043478260869565,"2022,2023,2024,2025",driver
ALO,Singapore Grand Prix,-1.0156862745098045,2,12.576470588235294,"2023,2025",driver
PER,Singapore Grand Prix,-1.4891775008015045,2,6.315789473684211,"2022,2023",driver
HUL,Spanish Grand Prix,2.2388888997901293,2,5.923076923076922,"2024,2025",driver
HAM,Spanish Grand Prix,1.6154069913370053,4,3.1500000000000004,"2022,2023,2024,2025",driver
RUS,Spanish Grand Prix,1.1893198806858312,4,2.850241545893719,"2022,2023,2024,2025",driver
GAS,Spanish Grand Prix,1.0643278342855176,4,4.421052631578947,"2022,2023,2024,2025",driver
NOR,Spanish Grand Prix,0.6332456861953171,3,1.8086956521739133,"2022,2024,2025",driver
PIA,Spanish Grand Prix,0.26178916452541473,2,3.647727272727273,"2024,2025",driver
STR,Spanish Grand Prix,0.07787296156973117,2,6.601973684210526,"2022,2023",driver
ALO,Spanish Grand Prix,0.06631435504680931,3,2.576470588235294,"2022,2023,2025",driver
PER,Spanish Grand Prix,-0.6373362389406062,3,3.148026315789474,"2022,2023,2024",driver
TSU,Spanish Grand Prix,-0.6393664677691981,3,4.9375,"2022,2023,2025",driver
LEC,Spanish Grand Prix,-0.9532868499312388,3,8.165266106442576,"2023,2024,2025",driver
OCO,Spanish Grand Prix,-1.8513117450363636,3,5.324999999999999,"2022,2023,2025",driver
SAI,Spanish Grand Prix,-1.9318701650861618,4,4.417543859649122,"2022,2023,2024,2025",driver
VER,Spanish Grand Prix,-1.98508766563991,4,8.91304347826087,"2022,2023,2024,2025",driver
GAS,São Paulo Grand Prix,2.3878487504445647,4,8.966507177033492,"2022,2023,2024,2025",driver
RUS,São Paulo Grand Prix,1.0661608865432446,3,3.12008281573499,"2022,2024,2025",driver
NOR,São Paulo Grand Prix,0.7639306902264993,3,6.669082125603865,"2023,2024,2025",driver
VER,São Paulo Grand Prix,0.05822643933048786,4,5.956521739130435,"2022,2023,2024,2025",driver
OCO,São Paulo Grand Prix,-0.04010874063678422,2,0.3249999999999993,"2022,2025",driver
STR,São Paulo Grand Prix,-1.213397823552147,3,8.395833333333334,"2022,2023,2025",driver
LEC,São Paulo Grand Prix,-1.2583732057416266,2,0.861244019138756,"2022,2024",driver
SAI,São Paulo Grand Prix,-1.4644581530019896,3,3.2333333333333325,"2022,2023,2025",driver
TSU,São Paulo Grand Prix,-1.5158272375505952,4,9.097222222222221,"2022,2023,2024,2025",driver
ALO,São Paulo Grand Prix,-2.10732793433671,4,8.5625,"2022,2023,2024,2025",driver
ALB,São Paulo Grand Prix,-2.127800968740935,2,0.25,"2022,2025",driver
HAM,São Paulo Grand Prix,-2.244293162553274,3,6.886363636363637,"2022,2023,2024",driver
PIA,São Paulo Grand Prix,-2.4955701483553003,2,0.6477272727272729,"2024,2025",driver
PER,São Paulo Grand Prix,-3.129286355211457,3,4.832236842105264,"2022,2023,2024",driver
TSU,United States Grand Prix,3.676667826467889,3,1.0625,"2022,2023,2025",driver
HAM,United States Grand Prix,2.75,2,0.0,"2022,2025",driver
SAI,United States Grand Prix,2.3126986013997786,2,0.6342105263157896,"2023,2024",driver
LEC,United States Grand Prix,1.890119135475598,3,2.138755980861244,"2022,2024,2025",driver
MAG,United States Grand Prix,1.8888888888888895,2,3.166666666666666,"2022,2024",driver
HUL,United States Grand Prix,1.7640029018539773,3,0.20769230769230873,"2023,2024,2025",driver
NOR,United States Grand Prix,1.068742468194928,4,4.669082125603865,"2022,2023,2024,2025",driver
VER,United States Grand Prix,0.977346210290726,4,2.086956521739131,"2022,2023,2024,2025",driver
ALO,United States Grand Prix,0.39157966173484543,2,0.8235294117647065,"2022,2025",driver
STR,United States Grand Prix,0.21527777777777737,2,2.395833333333334,"2023,2025",driver
GAS,United States Grand Prix,-0.4802402552033965,3,6.138755980861244,"2022,2023,2024",driver
PER,United States Grand Prix,-0.6373362389406062,3,0.8322368421052633,"2022,2023,2024",driver
RUS,United States Grand Prix,-0.8106801193141688,4,2.850241545893719,"2022,2023,2024,2025",driver
PIA,United States Grand Prix,-1.2529294612360151,2,2.352272727272727,"2024,2025",driver
ALB,United States Grand Prix,-2.359244387970244,3,6.6625,"2022,2023,2025",driver
OCO,United States Grand Prix,-3.040108740636784,2,0.3249999999999993,"2022,2025",driver
AlphaTauri,Abu Dhabi Grand Prix,1.3394636035421998,4,5.701190476190476,"2022,2022,2023,2023",team
Aston Martin,Abu Dhabi Grand Prix,1.2421349137787447,7,7.661877394636016,"2022,2022,2023,2023,2024,2025,2025",team
Kick Sauber,Abu Dhabi Grand Prix,1.0399999999999991,2,2.0,"2025,2025",team
Ferrari,Abu Dhabi Grand Prix,0.7681633452999004,7,5.427506775067751,"2022,2022,2023,2024,2024,2025,2025",team
Haas F1 Team,Abu Dhabi Grand Prix,0.5083319752959993,6,7.872549019607842,"2022,2022,2023,2024,2025,2025",team
McLaren,Abu Dhabi Grand Prix,0.2881315302915977,8,9.28368794326241,"2022,2022,2023,2023,2024,2024,2025,2025",team
Alpine,Abu Dhabi Grand Prix,-0.581955910503428,4,6.170138888888889,"2022,2023,2023,2024",team
Red Bull Racing,Abu Dhabi Grand Prix,-0.7086811144811747,7,13.0,"2022,2022,2023,2023,2024,2025,2025",team
Mercedes,Abu Dhabi Grand Prix,-1.6573837923877894,7,11.766367137355584,"2022,2023,2023,2024,2024,2025,2025",team
Alfa Romeo,Abu Dhabi Grand Prix,-3.1321805673939553,3,3.9772727272727284,"2022,2022,2023",team
Williams,Abu Dhabi Grand Prix,-3.719862547196271,5,7.44876660341556,"2022,2023,2023,2025,2025",team
Williams,Australian Grand Prix,3.109676125272775,3,6.55123339658444,"2022,2022,2025",team
Aston Martin,Australian Grand Prix,2.9459192534183845,6,5.768602540834847,"2022,2023,2023,2024,2024,2025",team
Alfa Romeo,Australian Grand Prix,2.2001459408807307,4,3.0227272727272716,"2022,2022,2023,2023",team
Mercedes,Australian Grand Prix,2.152001717068877,5,2.9127086007702188,"2022,2022,2023,2025,2025",team
Red Bull Racing,Australian Grand Prix,1.1472547073056152,5,6.8711694809255786,"2022,2023,2023,2024,2025",team
AlphaTauri,Australian Grand Prix,0.961799024560897,3,6.0,"2022,2022,2023",team
Haas F1 Team,Australian Grand Prix,-0.15228257636867892,6,8.5,"2022,2022,2023,2024,2025,2025",team
McLaren,Australian Grand Prix,-0.15264529315383954,8,11.155038759689923,"2022,2022,2023,2023,2024,2024,2025,2025",team
Alpine,Australian Grand Prix,-0.6859045661920695,3,10.467836257309942,"2022,2022,2025",team
Ferrari,Australian Grand Prix,-1.2817410552523938,6,9.508397932816537,"2022,2023,2024,2024,2025,2025",team
Haas F1 Team,Austrian Grand Prix,4.62962962962963,4,4.555555555555555,"2022,2022,2024,2024",team
McLaren,Austrian Grand Prix,1.6316911248964454,6,2.488372093023256,"2022,2022,2023,2024,2025,2025",team
Williams,Austrian Grand Prix,1.426396314207598,2,1.0294117647058822,"2022,2023",team
Mercedes,Austrian Grand Prix,0.879458932030571,7,6.9914320685434515,"2022,2022,2023,2023,2024,2024,2025",team
Ferrari,Austrian Grand Prix,0.5043096884933477,7,10.491602067183463,"2022,2023,2023,2024,2024,2025,2025",team
Red Bull Racing,Austrian Grand Prix,-0.6524246642569853,5,4.257035647279549,"2022,2023,2023,2024,2024",team
Alpine,Austrian Grand Prix,-0.8533712327813054,5,5.722222222222221,"2022,2022,2023,2024,2024",team
Alfa Romeo,Austrian Grand Prix,-1.1060606060606055,2,3.0,"2022,2022",team
Aston Martin,Austrian Grand Prix,-1.6732834747164098,4,8.10672514619883,"2022,2022,2023,2023",team
AlphaTauri,Austrian Grand Prix,-3.2428571428571424,2,1.0,"2022,2022",team
AlphaTauri,Azerbaijan Grand Prix,2.7191583374416117,3,8.0,"2022,2022,2023",team
Racing Bulls,Azerbaijan Grand Prix,2.6428571428571423,2,5.0,"2025,2025",team
Red Bull Racing,Azerbaijan Grand Prix,1.5704700932304836,7,6.128205128205128,"2022,2022,2023,2023,2024,2025,2025",team
Williams,Azerbaijan Grand Prix,1.5227687831469074,8,10.580645161290322,"2022,2022,2023,2023,2024,2024,2025,2025",team
Mercedes,Azerbaijan Grand Prix,0.758027487511047,8,7.242200794100964,"2022,2022,2023,2023,2024,2024,2025,2025",team
Ferrari,Azerbaijan Grand Prix,-0.7163775493496626,5,5.427506775067751,"2023,2023,2024,2025,2025",team
Haas F1 Team,Azerbaijan Grand Prix,-0.8384148705440287,6,3.571895424836603,"2022,2023,2024,2024,2025,2025",team
McLaren,Azerbaijan Grand Prix,-0.9706792483608312,7,7.871350816427511,"2022,2022,2023,2023,2024,2024,2025",team
Aston Martin,Azerbaijan Grand Prix,-1.2348153160441357,6,11.231397459165153,"2022,2023,2023,2024,2025,2025",team
Kick Sauber,Azerbaijan Grand Prix,-2.007404922108281,3,5.0,"2024,2025,2025",team
Alpine,Azerbaijan Grand Prix,-3.0662450327232658,5,6.892361111111111,"2022,2022,2023,2023,2024",team
Alfa Romeo,Bahrain Grand Prix,3.817566900911878,3,4.0,"2022,2022,2023",team
Haas F1 Team,Bahrain Grand Prix,3.02278466777876,4,7.127450980392158,"2022,2022,2025,2025",team
AlphaTauri,Bahrain Grand Prix,2.3247449777807705,2,3.298809523809524,"2022,2023",team
Alpine,Bahrain Grand Prix,1.355064690227151,5,7.0,"2022,2022,2023,2025,2025",team
Ferrari,Bahrain Grand Prix,1.124435251812775,7,2.5860465116279068,"2022,2022,2023,2024,2024,2025,2025",team
Red Bull Racing,Bahrain Grand Prix,0.5816765413774215,6,5.871794871794872,"2023,2023,2024,2024,2025,2025",team
Mercedes,Bahrain Grand Prix,-0.4135453877427632,8,9.0,"2022,2022,2023,2023,2024,2024,2025,2025",team
Williams,Bahrain Grand Prix,-0.7938496614517304,4,4.419354838709678,"2022,2022,2023,2025",team
McLaren,Bahrain Grand Prix,-1.4790051333154595,6,6.844961240310078,"2022,2022,2024,2024,2025,2025",team
Aston Martin,Bahrain Grand Prix,-2.1274931554373353,8,10.338122605363985,"2022,2022,2023,2023,2024,2024,2025,2025",team
Racing Bulls,Bahrain Grand Prix,-4.357142857142858,2,3.0,"2025,2025",team
Ferrari,Belgian Grand Prix,0.2511926272116189,7,5.478048780487805,"2022,2022,2023,2024,2024,2025,2025",team
McLaren,Belgian Grand Prix,0.12148049985598015,7,7.716312056737589,"2022,2022,2023,2024,2024,2025,2025",team
Kick Sauber,Belgian Grand Prix,-0.052220421963246964,3,3.7672727272727258,"2024,2025,2025",team
AlphaTauri,Belgian Grand Prix,-0.08946858459232472,4,7.298809523809524,"2022,2022,2023,2023",team
Alfa Romeo,Belgian Grand Prix,-0.7422794724464088,3,3.0227272727272716,"2022,2023,2023",team
Red Bull Racing,Belgian Grand Prix,-0.8432678293593908,8,9.0,"2022,2022,2023,2023,2024,2024,2025,2025",team
Alpine,Belgian Grand Prix,-0.9585476274003578,8,9.532163742690058,"2022,2022,2023,2023,2024,2024,2025,2025",team
Mercedes,Belgian Grand Prix,-1.4175115796560809,6,14.757799205899037,"2022,2023,2023,2024,2025,2025",team
Aston Martin,Belgian Grand Prix,-1.7300304369622956,8,9.231397459165153,"2022,2022,2023,2023,2024,2024,2025,2025",team
RB,Belgian Grand Prix,-2.052631578947368,2,6.0,"2024,2024",team
Williams,Belgian Grand Prix,-2.3342538208082515,8,12.44876660341556,"2022,2022,2023,2023,2024,2024,2025,2025",team
Haas F1 Team,Belgian Grand Prix,-3.3207963506352067,8,7.428104575163397,"2022,2022,2023,2023,2024,2024,2025,2025",team
Alpine,British Grand Prix,5.673135100271939,2,3.4678362573099424,"2022,2025",team
McLaren,British Grand Prix,1.442953561647352,8,8.333333333333334,"2022,2022,2023,2023,2024,2024,2025,2025",team
Williams,British Grand Prix,1.0709851495607017,7,6.419354838709678,"2022,2023,2023,2024,2024,2025,2025",team
Aston Martin,British Grand Prix,0.9987333967094509,8,10.661877394636015,"2022,2022,2023,2023,2024,2024,2025,2025",team
Haas F1 Team,British Grand Prix,0.8315789484425482,7,7.127450980392158,"2022,2022,2023,2024,2024,2025,2025",team
Mercedes,British Grand Prix,0.2908534279905792,5,8.757799205899037,"2022,2023,2023,2024,2025",team
Red Bull Racing,British Grand Prix,0.16794966553481233,6,6.641025641025641,"2022,2022,2023,2023,2024,2025",team
Alfa Romeo,British Grand Prix,-1.083333333333334,2,3.0,"2023,2023",team
Ferrari,British Grand Prix,-2.41053409882037,7,10.521951219512195,"2022,2022,2023,2023,2024,2025,2025",team
AlphaTauri,British Grand Prix,-3.8106067737621947,3,3.298809523809524,"2022,2023,2023",team
Alfa Romeo,Canadian Grand Prix,3.2820329949791405,3,1.9772727272727284,"2022,2022,2023",team
Mercedes,Canadian Grand Prix,2.635782089941609,7,4.146341463414634,"2022,2022,2023,2024,2024,2025,2025",team
Aston Martin,Canadian Grand Prix,2.2158639731571084,7,7.0,"2022,2022,2023,2023,2024,2024,2025",team
Red Bull Racing,Canadian Grand Prix,2.0235298782860807,5,7.8711694809255786,"2022,2023,2023,2024,2025",team
Kick Sauber,Canadian Grand Prix,1.8937581055784531,2,2.7672727272727258,"2024,2025",team
Williams,Canadian Grand Prix,1.7954036059234024,3,6.970588235294118,"2022,2022,2023",team
Ferrari,Canadian Grand Prix,0.4021849184326162,6,3.0,"2022,2022,2023,2023,2025,2025",team
RB,Canadian Grand Prix,-0.052631578947368245,2,6.0,"2024,2024",team
Alpine,Canadian Grand Prix,-0.1621954730097349,6,4.892361111111111,"2022,2022,2023,2023,2024,2024",team
Haas F1 Team,Canadian Grand Prix,-1.3111111111111104,3,3.4444444444444446,"2022,2024,2024",team
McLaren,Canadian Grand Prix,-1.8432622503913105,7,8.382978723404255,"2022,2022,2023,2023,2024,2024,2025",team
AlphaTauri,Canadian Grand Prix,-1.917895709338515,2,0.2988095238095241,"2022,2023",team
Haas F1 Team,Chinese Grand Prix,1.8361674763694067,4,11.428104575163397,"2024,2024,2025,2025",team
McLaren,Chinese Grand Prix,0.3370193267931507,4,6.0,"2024,2024,2025,2025",team
Red Bull Racing,Chinese Grand Prix,-0.03727569440160634,4,8.871794871794872,"2024,2024,2025,2025",team
Mercedes,Chinese Grand Prix,-0.13564646768270658,4,6.242200794100964,"2024,2024,2025,2025",team
Aston Martin,Chinese Grand Prix,-0.29145280629788733,3,8.0,"2024,2024,2025",team
Williams,Chinese Grand Prix,-0.43209330958837733,4,7.652073732718893,"2024,2024,2025,2025",team
Ferrari,Chinese Grand Prix,-0.6860465116279069,2,1.0,"2024,2024",team
Alpine,Chinese Grand Prix,-1.7039591864986892,3,3.190058479532164,"2024,2024,2025",team
Racing Bulls,Dutch Grand Prix,2.6428571428571423,2,9.0,"2025,2025",team
Aston Martin,Dutch Grand Prix,1.6573995529432455,6,9.0,"2022,2022,2023,2023,2025,2025",team
Haas F1 Team,Dutch Grand Prix,1.2533338833432135,6,8.5,"2022,2022,2023,2023,2025,2025",team
Williams,Dutch Grand Prix,0.7717176160715825,5,8.55123339658444,"2022,2022,2023,2025,2025",team
McLaren,Dutch Grand Prix,0.36994118520511543,7,10.71631205673759,"2022,2022,2023,2023,2024,2024,2025",team
Red Bull Racing,Dutch Grand Prix,0.34014968120533184,8,7.0,"2022,2022,2023,2023,2024,2024,2025,2025",team
Alpine,Dutch Grand Prix,0.08329016826118796,6,10.639802631578947,"2022,2022,2023,2023,2025,2025",team
Ferrari,Dutch Grand Prix,-0.6085696342340484,5,5.413953488372092,"2022,2022,2023,2024,2024",team
AlphaTauri,Dutch Grand Prix,-1.1800048362803237,3,4.298809523809524,"2022,2023,2023",team
Alfa Romeo,Dutch Grand Prix,-2.8353879650520075,2,3.0227272727272716,"2022,2023",team
Mercedes,Dutch Grand Prix,-3.199500179832447,8,14.087291399229782,"2022,2022,2023,2023,2024,2024,2025,2025",team
Kick Sauber,Dutch Grand Prix,-3.460000000000001,2,1.0,"2025,2025",team
AlphaTauri,Emilia Romagna Grand Prix,2.757142857142858,2,5.0,"2022,2022",team
Williams,Emilia Romagna Grand Prix,2.4142531121655586,4,6.55123339658444,"2022,2022,2025,2025",team
Alfa Romeo,Emilia Romagna Grand Prix,1.3939393939393943,2,10.0,"2022,2022",team
Red Bull Racing,Emilia Romagna Grand Prix,0.5114293039730516,6,9.128205128205128,"2022,2022,2024,2024,2025,2025",team
McLaren,Emilia Romagna Grand Prix,0.3372286826109741,6,15.0,"2022,2022,2024,2024,2025,2025",team
Ferrari,Emilia Romagna Grand Prix,0.1522783262921807,5,4.478048780487805,"2022,2024,2024,2025,2025",team
Aston Martin,Emilia Romagna Grand Prix,-0.8917804757831926,5,7.231397459165153,"2022,2022,2024,2025,2025",team
Racing Bulls,Emilia Romagna Grand Prix,-1.3571428571428577,2,5.0,"2025,2025",team
Mercedes,Emilia Romagna Grand Prix,-1.7753834173037415,5,9.0,"2022,2022,2024,2024,2025",team
Alpine,Emilia Romagna Grand Prix,-2.5171053779061645,3,5.467836257309942,"2022,2025,2025",team
Haas F1 Team,Emilia Romagna Grand Prix,-3.2560443482040746,3,10.127450980392158,"2022,2022,2025",team
Kick Sauber,Emilia Romagna Grand Prix,-3.960000000000001,2,6.0,"2025,2025",team
Mercedes,French Grand Prix,2.060975609756097,2,1.0,"2022,2022",team
McLaren,French Grand Prix,1.666666666666666,2,2.0,"2022,2022",team
Alpine,French Grand Prix,1.1111111111111105,2,2.0,"2022,2022",team
Aston Martin,French Grand Prix,0.42105263157894685,2,1.0,"2022,2022",team
Red Bull Racing,French Grand Prix,0.0897435897435899,2,3.0,"2022,2022",team
Alfa Romeo,French Grand Prix,-3.606060606060606,2,2.0,"2022,2022",team
McLaren,Hungarian Grand Prix,1.6905004573537803,8,10.333333333333334,"2022,2022,2023,2023,2024,2024,2025,2025",team
Aston Martin,Hungarian Grand Prix,1.5157466210973747,7,7.661877394636016,"2022,2022,2023,2024,2024,2025,2025",team
Mercedes,Hungarian Grand Prix,1.1134776477983046,7,5.242200794100964,"2022,2022,2023,2023,2024,2024,2025",team
Alpine,Hungarian Grand Prix,-0.38888888888888923,2,1.0,"2022,2022",team
Ferrari,Hungarian Grand Prix,-0.7582738820796,7,4.572493224932249,"2022,2022,2023,2023,2024,2024,2025",team
Red Bull Racing,Hungarian Grand Prix,-1.199951857476082,7,4.3589743589743595,"2022,2022,2023,2023,2024,2024,2025",team
Haas F1 Team,Hungarian Grand Prix,-1.666666666666666,2,2.0,"2022,2022",team
AlphaTauri,Hungarian Grand Prix,-3.2428571428571416,2,7.0,"2022,2022",team
Williams,Hungarian Grand Prix,-3.4705882352941178,2,1.0,"2022,2022",team
Williams,Italian Grand Prix,1.2919727313385347,8,6.44876660341556,"2022,2022,2023,2023,2024,2024,2025,2025",team
AlphaTauri,Italian Grand Prix,1.1333718998147069,3,6.0,"2022,2022,2023",team
Ferrari,Italian Grand Prix,1.1135227421890377,8,3.4139534883720932,"2022,2022,2023,2023,2024,2024,2025,2025",team
Alfa Romeo,Italian Grand Prix,0.20014594088073054,4,4.022727272727272,"2022,2022,2023,2023",team
McLaren,Italian Grand Prix,0.13192735929395233,7,7.666666666666666,"2022,2023,2023,2024,2024,2025,2025",team
Haas F1 Team,Italian Grand Prix,-0.29639060855230287,4,4.0,"2022,2022,2024,2025",team
Mercedes,Italian Grand Prix,-0.5802120544094299,8,4.853658536585366,"2022,2022,2023,2023,2024,2024,2025,2025",team
Red Bull Racing,Italian Grand Prix,-0.9478373290209776,8,12.0,"2022,2022,2023,2023,2024,2024,2025,2025",team
Racing Bulls,Italian Grand Prix,-1.8571428571428577,2,4.0,"2025,2025",team
Aston Martin,Italian Grand Prix,-3.9065303593205014,3,7.27991452991453,"2023,2023,2024",team
Alpine,Italian Grand Prix,-4.583194800497264,2,2.8923611111111107,"2022,2023",team
Red Bull Racing,Japanese Grand Prix,1.1023488401966945,7,11.0,"2022,2022,2023,2024,2024,2025,2025",team
Aston Martin,Japanese Grand Prix,0.9954057940057205,5,6.0,"2022,2022,2023,2024,2025",team
Ferrari,Japanese Grand Prix,0.3454597865681901,7,3.0,"2022,2023,2023,2024,2024,2025,2025",team
McLaren,Japanese Grand Prix,0.18356203063001078,8,8.617021276595745,"2022,2022,2023,2023,2024,2024,2025,2025",team
Alpine,Japanese Grand Prix,-0.34447912224717353,6,6.532163742690058,"2022,2022,2023,2023,2025,2025",team
Williams,Japanese Grand Prix,-0.8755034423920492,3,9.44876660341556,"2022,2025,2025",team
Mercedes,Japanese Grand Prix,-0.9895194081953819,8,4.242200794100964,"2022,2022,2023,2023,2024,2024,2025,2025",team
Racing Bulls,Japanese Grand Prix,-2.3571428571428577,2,9.0,"2025,2025",team
Haas F1 Team,Japanese Grand Prix,-2.630225019630594,4,8.0,"2022,2022,2025,2025",team
AlphaTauri,Japanese Grand Prix,-3.2428571428571424,2,5.0,"2022,2022",team
Alfa Romeo,Japanese Grand Prix,-4.1060606060606055,2,1.0,"2022,2022",team
Kick Sauber,Japanese Grand Prix,-6.460000000000001,2,3.0,"2025,2025",team
Kick Sauber,Las Vegas Grand Prix,2.479544543205358,2,3.7672727272727258,"2024,2025",team
Mercedes,Las Vegas Grand Prix,2.2644666901301425,6,6.9914320685434515,"2023,2023,2024,2024,2025,2025",team
Haas F1 Team,Las Vegas Grand Prix,1.1150770632843288,5,4.0,"2023,2024,2024,2025,2025",team
Alpine,Las Vegas Grand Prix,0.6488486842105265,3,7.0,"2023,2023,2025",team
Williams,Las Vegas Grand Prix,0.41222015305968,4,8.580645161290322,"2023,2023,2024,2025",team
Ferrari,Las Vegas Grand Prix,0.34109142579224927,6,5.427506775067751,"2023,2023,2024,2024,2025,2025",team
Red Bull Racing,Las Vegas Grand Prix,-1.0007755252333435,6,11.128205128205128,"2023,2023,2024,2024,2025,2025",team
RB,Las Vegas Grand Prix,-1.5526315789473684,2,7.0,"2024,2024",team
Aston Martin,Las Vegas Grand Prix,-1.6121658953573625,5,7.720085470085469,"2023,2023,2024,2024,2025",team
McLaren,Las Vegas Grand Prix,-2.347658740659474,3,1.3829787234042552,"2023,2024,2024",team
Alfa Romeo,Las Vegas Grand Prix,-3.583333333333334,2,2.0,"2023,2023",team
Haas F1 Team,Mexico City Grand Prix,2.477337155614753,6,10.872549019607842,"2022,2022,2023,2024,2025,2025",team
AlphaTauri,Mexico City Grand Prix,2.14457772638284,3,5.0,"2022,2023,2023",team
Ferrari,Mexico City Grand Prix,0.90641596100249,8,6.478048780487805,"2022,2022,2023,2023,2024,2024,2025,2025",team
Williams,Mexico City Grand Prix,0.6740832623637596,3,6.970588235294118,"2022,2022,2023",team
Mercedes,Mexico City Grand Prix,0.4602280601104511,8,4.7663671373555845,"2022,2022,2023,2023,2024,2024,2025,2025",team
McLaren,Mexico City Grand Prix,-0.033357167730823166,8,6.283687943262411,"2022,2022,2023,2023,2024,2024,2025,2025",team
Red Bull Racing,Mexico City Grand Prix,-0.35056141012728903,6,8.0,"2022,2022,2023,2024,2025,2025",team
Alpine,Mexico City Grand Prix,-0.9175598824289574,3,1.8923611111111107,"2022,2023,2023",team
Alfa Romeo,Mexico City Grand Prix,-1.2643201531865318,4,3.9772727272727284,"2022,2022,2023,2023",team
Aston Martin,Mexico City Grand Prix,-3.5789473684210535,2,1.0,"2022,2022",team
Williams,Miami Grand Prix,0.42325391629011894,6,11.100840336134453,"2022,2022,2023,2024,2025,2025",team
Red Bull Racing,Miami Grand Prix,0.29480335809830777,8,6.0,"2022,2022,2023,2023,2024,2024,2025,2025",team
Mercedes,Miami Grand Prix,0.010480591804618307,8,5.242200794100964,"2022,2022,2023,2023,2024,2024,2025,2025",team
RB,Miami Grand Prix,-0.052631578947368245,2,8.0,"2024,2024",team
Alfa Romeo,Miami Grand Prix,-0.39144459777273566,3,7.977272727272728,"2022,2023,2023",team
Ferrari,Miami Grand Prix,-0.6961213205224708,8,3.521951219512195,"2022,2022,2023,2023,2024,2024,2025,2025",team
Alpine,Miami Grand Prix,-0.7189080974208363,7,4.107638888888889,"2022,2022,2023,2023,2024,2024,2025",team
Kick Sauber,Miami Grand Prix,-1.7272727272727264,2,2.0,"2024,2024",team
AlphaTauri,Miami Grand Prix,-1.8106067737621945,3,7.0,"2022,2023,2023",team
McLaren,Miami Grand Prix,-1.840841488531638,6,13.382978723404255,"2022,2023,2024,2024,2025,2025",team
Haas F1 Team,Miami Grand Prix,-1.897308130880562,6,10.928104575163397,"2022,2023,2023,2024,2024,2025",team
Aston Martin,Miami Grand Prix,-1.9395753499315307,5,11.720085470085468,"2022,2023,2023,2024,2024",team
Alpine,Monaco Grand Prix,1.8959899193314287,4,10.10763888888889,"2022,2022,2023,2023",team
Aston Martin,Monaco Grand Prix,1.4505410088193242,3,8.10672514619883,"2022,2022,2023",team
Ferrari,Monaco Grand Prix,1.1539628567089184,8,6.572493224932249,"2022,2022,2023,2023,2024,2024,2025,2025",team
Red Bull Racing,Monaco Grand Prix,0.7785474079028041,5,4.128205128205128,"2022,2022,2023,2024,2025",team
McLaren,Monaco Grand Prix,0.7514422449840692,6,7.0,"2022,2022,2024,2024,2025,2025",team
Mercedes,Monaco Grand Prix,-0.3696682077231113,6,4.912708600770219,"2022,2022,2023,2023,2024,2024",team
Alfa Romeo,Monaco Grand Prix,-1.1060606060606055,2,7.0,"2022,2022",team
AlphaTauri,Monaco Grand Prix,-1.742857142857142,2,6.0,"2022,2022",team
Alfa Romeo,Qatar Grand Prix,3.916666666666666,2,1.0,"2023,2023",team
Williams,Qatar Grand Prix,1.8645161290322576,3,8.0,"2023,2025,2025",team
Alpine,Qatar Grand Prix,1.6531848659437949,3,7.170138888888889,"2023,2023,2024",team
Aston Martin,Qatar Grand Prix,1.4218936085578757,4,7.661877394636016,"2023,2023,2024,2025",team
Kick Sauber,Qatar Grand Prix,1.3981538869775119,3,7.232727272727274,"2024,2024,2025",team
Red Bull Racing,Qatar Grand Prix,0.26712271482137173,5,12.871169480925577,"2023,2023,2024,2025,2025",team
McLaren,Qatar Grand Prix,0.11991617652382239,6,10.617021276595745,"2023,2023,2024,2024,2025,2025",team
Mercedes,Qatar Grand Prix,-0.6216806126690704,5,8.008567931456549,"2023,2024,2024,2025,2025",team
Ferrari,Qatar Grand Prix,-2.1343327409447808,5,7.935904707884289,"2023,2024,2024,2025,2025",team
RB,Qatar Grand Prix,-2.552631578947368,2,1.0,"2024,2024",team
Red Bull Racing,Saudi Arabian Grand Prix,2.2497956108297514,7,5.769230769230768,"2022,2022,2023,2023,2024,2024,2025",team
Aston Martin,Saudi Arabian Grand Prix,1.2466684524765572,5,6.3866396761133615,"2022,2022,2023,2024,2025",team
Alpine,Saudi Arabian Grand Prix,1.0824401175710425,3,1.8923611111111107,"2022,2023,2023",team
AlphaTauri,Saudi Arabian Grand Prix,0.7118009761652886,3,6.298809523809524,"2022,2023,2023",team
Williams,Saudi Arabian Grand Prix,0.25502408630029555,4,5.580645161290322,"2023,2024,2025,2025",team
Ferrari,Saudi Arabian Grand Prix,-0.09358403899751003,8,6.064095292115711,"2022,2022,2023,2023,2024,2024,2025,2025",team
Alfa Romeo,Saudi Arabian Grand Prix,-0.1785337155596269,2,0.9772727272727284,"2022,2023",team
Haas F1 Team,Saudi Arabian Grand Prix,-0.3491273683369385,7,7.127450980392158,"2022,2023,2023,2024,2024,2025,2025",team
Mercedes,Saudi Arabian Grand Prix,-0.6966261893819292,8,6.912708600770219,"2022,2022,2023,2023,2024,2024,2025,2025",team
Racing Bulls,Saudi Arabian Grand Prix,-0.8571428571428577,2,2.0,"2025,2025",team
McLaren,Saudi Arabian Grand Prix,-2.1646923321306066,7,12.666666666666666,"2022,2023,2023,2024,2024,2025,2025",team
AlphaTauri,Singapore Grand Prix,2.66789072828839,2,0.7011904761904759,"2022,2023",team
Haas F1 Team,Singapore Grand Prix,1.4779691679237936,5,3.0,"2022,2022,2023,2023,2025",team
McLaren,Singapore Grand Prix,1.4735812589929465,8,7.155038759689922,"2022,2022,2023,2023,2024,2024,2025,2025",team
Aston Martin,Singapore Grand Prix,1.1218972220049677,4,12.89327485380117,"2022,2022,2023,2025",team
Mercedes,Singapore Grand Prix,0.5198987782211673,7,14.146341463414634,"2022,2022,2023,2024,2024,2025,2025",team
Alfa Romeo,Singapore Grand Prix,0.4072527220672781,2,0.022727272727271597,"2022,2023",team
Red Bull Racing,Singapore Grand Prix,0.27150305612808606,6,9.871169480925577,"2022,2022,2023,2023,2024,2025",team
Ferrari,Singapore Grand Prix,-0.3697264139129068,8,7.491602067183463,"2022,2022,2023,2023,2024,2024,2025,2025",team
Williams,Singapore Grand Prix,-0.5,2,3.0,"2023,2023",team
Alfa Romeo,Spanish Grand Prix,4.235679846813468,2,1.9772727272727284,"2022,2023",team
Kick Sauber,Spanish Grand Prix,2.539999999999999,2,7.0,"2025,2025",team
Mercedes,Spanish Grand Prix,1.9063708666117571,7,3.9127086007702188,"2022,2022,2023,2023,2024,2024,2025",team
Racing Bulls,Spanish Grand Prix,1.1428571428571423,2,4.0,"2025,2025",team
Alpine,Spanish Grand Prix,0.44872750824896823,8,7.0,"2022,2022,2023,2023,2024,2024,2025,2025",team
AlphaTauri,Spanish Grand Prix,0.42626511862815936,3,3.0,"2022,2022,2023",team
McLaren,Spanish Grand Prix,0.3935778687150196,6,5.0,"2022,2022,2024,2024,2025,2025",team
Aston Martin,Spanish Grand Prix,0.2760863270873738,5,5.768602540834847,"2022,2022,2023,2023,2025",team
Ferrari,Spanish Grand Prix,-0.531676314376835,7,8.572493224932249,"2022,2023,2023,2024,2024,2025,2025",team
Red Bull Racing,Spanish Grand Prix,-1.9339604755734392,8,9.871794871794872,"2022,2022,2023,2023,2024,2024,2025,2025",team
Haas F1 Team,Spanish Grand Prix,-3.5959774052384064,5,5.571895424836603,"2022,2022,2024,2025,2025",team
Williams,Spanish Grand Prix,-3.81925606286175,3,2.44876660341556,"2022,2022,2025",team
RB,São Paulo Grand Prix,2.947368421052632,2,2.0,"2024,2024",team
Racing Bulls,São Paulo Grand Prix,2.6428571428571423,2,1.0,"2025,2025",team
Alpine,São Paulo Grand Prix,2.6288715176459534,7,9.809941520467836,"2022,2022,2023,2024,2024,2025,2025",team
Haas F1 Team,São Paulo Grand Prix,1.1975763426549944,4,6.428104575163397,"2022,2024,2025,2025",team
Mercedes,São Paulo Grand Prix,0.8969859649053499,7,8.242200794100963,"2022,2022,2023,2024,2024,2025,2025",team
Alfa Romeo,São Paulo Grand Prix,0.8939393939393945,2,3.0,"2022,2022",team
Kick Sauber,São Paulo Grand Prix,0.4189691671488194,3,3.7672727272727258,"2024,2024,2025",team
McLaren,São Paulo Grand Prix,-0.5563751526901445,5,8.617021276595745,"2023,2024,2024,2025,2025",team
Ferrari,São Paulo Grand Prix,-0.6564546695394793,4,1.5860465116279068,"2022,2022,2023,2024",team
AlphaTauri,São Paulo Grand Prix,-0.6742399447601753,3,7.701190476190476,"2022,2022,2023",team
Aston Martin,São Paulo Grand Prix,-1.9512298563060089,7,9.338122605363985,"2022,2022,2023,2023,2024,2025,2025",team
Williams,São Paulo Grand Prix,-2.1715333254613465,4,2.44876660341556,"2022,2022,2025,2025",team
Red Bull Racing,São Paulo Grand Prix,-2.452743537608121,8,14.0,"2022,2022,2023,2023,2024,2024,2025,2025",team
Ferrari,United States Grand Prix,2.1844494330851787,6,2.478048780487805,"2022,2023,2024,2024,2025,2025",team
AlphaTauri,United States Grand Prix,1.7902261493070872,3,5.701190476190476,"2022,2022,2023",team
Red Bull Racing,United States Grand Prix,0.7188293376456892,8,8.128205128205128,"2022,2022,2023,2023,2024,2024,2025,2025",team
Haas F1 Team,United States Grand Prix,0.43592857391390943,7,8.127450980392158,"2022,2022,2023,2024,2024,2025,2025",team
Aston Martin,United States Grand Prix,0.14926908223156124,4,4.231397459165153,"2022,2023,2025,2025",team
Alfa Romeo,United States Grand Prix,-0.006960840305817032,2,1.0227272727272716,"2022,2023",team
McLaren,United States Grand Prix,-0.12659721910250654,7,11.333333333333334,"2022,2022,2023,2024,2024,2025,2025",team
Williams,United States Grand Prix,-0.3637612011643783,6,7.419354838709678,"2022,2022,2023,2023,2024,2025",team
Alpine,United States Grand Prix,-0.4521432462739099,4,6.107638888888889,"2022,2022,2023,2024",team
Mercedes,United States Grand Prix,-1.7823556367347704,6,9.853658536585366,"2022,2022,2023,2024,2025,2025",team
Racing Bulls,United States Grand Prix,-3.3571428571428577,2,5.0,"2025,2025",team
